step,system_total_stopped,system_total_waiting_time,system_mean_waiting_time,system_mean_speed,A0_stopped,A0_accumulated_waiting_time,A0_average_speed,B0_stopped,B0_accumulated_waiting_time,B0_average_speed,C0_stopped,C0_accumulated_waiting_time,C0_average_speed,agents_total_stopped,agents_total_accumulated_waiting_time
5.0,0,0.0,0.0,0.0,0,0.0,1.0,0,0.0,1.0,0,0.0,1.0,0,0.0
10.0,1,0.0,0.0,0.0,1,0.0,0.0,0,0.0,1.0,0,0.0,1.0,1,0.0
15.0,0,0.0,0.0,9.429406336485409,0,0.0,0.6854432019296992,0,0.0,1.0,0,0.0,1.0,0,0.0
20.0,1,0.0,0.0,5.77474759031449,0,0.0,0.5619154489289403,0,0.0,1.0,1,0.0,0.0,1,0.0
25.0,0,0.0,0.0,10.057815050955243,0,0.0,0.9592948126823145,0,0.0,1.0,0,0.0,0.42345848142636916,0,0.0
30.0,0,0.0,0.0,9.439815335566193,0,0.0,0.48084451361241926,0,0.0,1.0,0,0.0,0.7666961395580824,0,0.0
35.0,2,5.0,0.5555555555555556,7.432166372245681,2,5.0,0.184098420579493,0,0.0,0.4867358089251317,0,0.0,0.9459744530645184,2,5.0
40.0,1,1.0,0.1,7.465443933414375,0,2.0,0.5065273275938563,0,0.0,0.9911726736820111,1,1.0,0.3699633362587507,1,3.0
45.0,2,2.0,0.18181818181818182,7.837021950900023,1,1.0,0.595374356837991,0,2.0,0.6830201728322584,1,1.0,0.3897459411418925,2,4.0
50.0,1,6.0,0.375,8.599285701479493,0,0.0,0.6615425857419432,0,2.0,0.8344367609763987,1,6.0,0.34833639250951026,1,8.0
55.0,1,1.0,0.06666666666666667,9.937083287007784,1,1.0,0.5281773427245673,0,2.0,0.8866892015450222,0,0.0,0.9273726656031437,1,3.0
60.0,1,1.0,0.06666666666666667,6.862835049106592,0,0.0,0.5788339283391618,1,3.0,0.4380920957175656,0,0.0,0.5701416615692636,1,3.0
65.0,6,16.0,0.8421052631578947,7.581304767549529,3,5.0,0.34755003976879956,1,10.0,0.7443679214712026,2,5.0,0.6430648931826655,6,20.0
70.0,3,12.0,0.6,8.626780502322738,1,2.0,0.4401577059442923,1,15.0,0.7644568939085743,1,1.0,0.7749737910068498,3,18.0
75.0,5,26.0,1.1818181818181819,9.118005619299188,2,4.0,0.5410725346021038,1,16.0,0.6296164247208499,2,6.0,0.5978217049671288,5,26.0
80.0,1,21.0,1.05,8.554371004234774,0,0.0,0.89872868771749,1,21.0,0.0,0,1.0,0.5402168699266935,1,22.0
85.0,0,0.0,0.0,11.468784708155049,0,0.0,0.9538705649127478,0,4.0,0.8945224718432346,0,0.0,0.7644891184296685,0,4.0
90.0,2,3.0,0.15,9.672020488916564,1,4.0,0.6312381786326278,0,4.0,0.91259338572166,1,1.0,0.4447061165939482,2,9.0
95.0,6,17.0,0.7391304347826086,7.280833996181578,3,11.0,0.37262915252511003,0,4.0,0.8975946281279411,3,8.0,0.22856373235614277,6,23.0
100.0,4,27.0,1.2272727272727273,8.023980353420912,0,6.0,0.7612994443909443,0,0.0,0.7404968384735572,4,27.0,0.4218629235142309,4,33.0
105.0,2,3.0,0.13636363636363635,8.378327304373297,0,0.0,0.9183310432318588,2,5.0,0.5695857624441213,0,15.0,0.5320429048418255,2,20.0
110.0,4,21.0,0.875,9.121755492112552,0,0.0,0.9317166295989915,2,17.0,0.7184436645506777,2,8.0,0.45007260382360614,4,25.0
115.0,1,0.0,0.0,9.132209671076494,0,0.0,0.4233520491280448,0,11.0,0.8476902386881578,1,1.0,0.6018124093428628,1,12.0
120.0,2,6.0,0.21428571428571427,10.890286947549283,0,2.0,0.9396395485215179,0,2.0,0.8594078723443908,2,6.0,0.5699107653658663,2,10.0
125.0,1,0.0,0.0,9.713854707083522,1,2.0,0.6284160305408723,0,0.0,0.7216466872391053,0,3.0,0.7030593964235675,1,5.0
130.0,1,4.0,0.17391304347826086,11.470362432117133,1,6.0,0.7939855821206635,0,2.0,0.9331056499793999,0,0.0,0.8785999231581941,1,8.0
135.0,2,10.0,0.4166666666666667,10.379584888031848,2,10.0,0.4763019267902252,0,2.0,0.9311922671338613,0,0.0,0.8388554596032906,2,12.0
140.0,0,0.0,0.0,9.81673020461108,0,4.0,0.4904124092525836,0,0.0,0.9190284490196069,0,0.0,0.6556452285293405,0,4.0
145.0,3,9.0,0.36,10.262341366014692,2,8.0,0.4443047945516552,0,0.0,0.8908400513065015,1,1.0,0.5746560968545773,3,9.0
150.0,0,0.0,0.0,10.832681113168729,0,6.0,0.8243367508352061,0,0.0,0.5678620873402264,0,0.0,0.854576340849893,0,6.0
155.0,1,0.0,0.0,11.265895465638582,0,0.0,0.9120273141761578,0,1.0,0.9066017443213759,1,0.0,0.7067928772378826,1,1.0
160.0,2,2.0,0.08695652173913043,7.8677190747117445,2,2.0,0.3825249161572248,0,1.0,0.464024740664664,0,0.0,0.5943857447154758,2,3.0
165.0,3,15.0,0.6,8.921358702713635,3,15.0,0.3576228290388386,0,1.0,0.8468456632954305,0,0.0,0.7010405446632899,3,16.0
170.0,1,4.0,0.17391304347826086,10.061917939111142,1,16.0,0.5092593036381061,0,0.0,0.7947714758349836,0,0.0,0.921142027509059,1,16.0
175.0,1,0.0,0.0,11.4275211731097,0,6.0,0.8496667141365044,1,2.0,0.7699930118374638,0,0.0,0.8734136412097085,1,8.0
180.0,0,0.0,0.0,10.558085086457309,0,2.0,0.7277435435091533,0,2.0,0.79336868234146,0,0.0,0.6295321065106853,0,4.0
185.0,0,0.0,0.0,11.756248483282254,0,0.0,0.8592132702933819,0,0.0,0.8061553954600518,0,0.0,0.9699592270958602,0,0.0
190.0,1,1.0,0.04,10.066686347103735,0,0.0,0.7956467376329529,0,0.0,0.6536819748576321,1,1.0,0.6471374994020915,1,1.0
195.0,4,14.0,0.5833333333333334,8.008676636617379,0,0.0,0.7706792285043496,3,8.0,0.263766495702967,1,6.0,0.5873453713628487,4,14.0
200.0,3,5.0,0.23809523809523808,6.516686894809233,0,0.0,0.9380738269555307,2,13.0,0.26144274950986157,1,1.0,0.17479875923970709,3,14.0
205.0,1,6.0,0.2857142857142857,10.205323522171344,0,2.0,0.7964224866681898,0,7.0,0.6736357205930253,1,8.0,0.6910276951735977,1,17.0
210.0,0,0.0,0.0,11.223346981371636,0,2.0,0.7574627932599621,0,1.0,0.9624268116004082,0,2.0,0.8707615708555868,0,5.0
215.0,1,3.0,0.125,9.78754863769148,1,5.0,0.6749727221062948,0,0.0,0.8668102537106976,0,2.0,0.6892502712093255,1,7.0
220.0,1,0.0,0.0,8.747931351522837,1,0.0,0.6191885452572008,0,0.0,0.278943799564525,0,0.0,0.6896399088009488,1,0.0
225.0,2,2.0,0.07407407407407407,10.539819250142713,0,0.0,0.7940874563546211,0,2.0,0.9143663721050079,2,2.0,0.6481160509043741,2,4.0
230.0,4,4.0,0.13333333333333333,9.233562812604848,1,0.0,0.6900240074181869,0,2.0,0.9251469154891278,3,4.0,0.39400105278771597,4,6.0
235.0,5,19.0,0.6785714285714286,9.563548498771098,1,2.0,0.6856676361036611,0,2.0,0.8597966580711427,4,17.0,0.4100107049397971,5,21.0
240.0,7,49.0,1.96,7.420187626772137,1,7.0,0.1841805821330074,0,0.0,0.8062711226420587,6,42.0,0.26091726753486144,7,49.0
245.0,3,18.0,0.782608695652174,7.421531817255646,0,1.0,0.32596365746334943,0,0.0,0.9163077232901123,3,38.0,0.35781628013104627,3,39.0
250.0,0,0.0,0.0,9.579779977036893,0,0.0,0.5210686057953912,0,2.0,0.8695053888993507,0,23.0,0.6051472579828953,0,25.0
255.0,0,0.0,0.0,10.222916048832646,0,0.0,0.8941562382461061,0,2.0,0.830195065283299,0,14.0,0.685290212973903,0,16.0
260.0,5,14.0,0.6086956521739131,7.510915106905507,0,0.0,0.6821170865895065,0,2.0,0.8446146221580598,5,28.0,0.3998921164521881,5,30.0
265.0,1,4.0,0.17391304347826086,5.672766539655646,0,0.0,0.7175203364085064,0,2.0,0.44100620752415703,1,29.0,0.28135728619540257,1,31.0
270.0,3,7.0,0.3181818181818182,7.618245685718793,0,0.0,0.9090045865117073,3,11.0,0.4498240447605366,0,5.0,0.38608294504591745,3,16.0
275.0,5,31.0,1.4090909090909092,9.127541831833117,0,0.0,0.4755015649709456,4,31.0,0.6149751281394992,1,4.0,0.3539977644010017,5,35.0
280.0,3,13.0,0.5652173913043478,8.04189307972227,1,2.0,0.29202692027347404,1,34.0,0.5011327375773342,1,1.0,0.473461816723097,3,37.0
285.0,2,13.0,0.5416666666666666,8.177102144005824,1,9.0,0.6621069404085153,0,5.0,0.3938608963379815,1,6.0,0.5198253186295906,2,20.0
290.0,2,11.0,0.44,8.154019398501577,1,2.0,0.6376291876583029,0,2.0,0.44962044049931826,1,11.0,0.5679540494757485,2,15.0
295.0,2,19.0,0.76,9.84908628922196,0,2.0,0.8522304997083827,1,7.0,0.4887251451487111,1,16.0,0.5973878347565701,2,25.0
300.0,2,23.0,0.9583333333333334,7.896705785290444,0,2.0,0.7046851225647718,0,4.0,0.48803779415041637,2,23.0,0.33529154639849734,2,29.0
305.0,7,15.0,0.5172413793103449,5.704043451569713,4,9.0,0.3877560682095139,2,12.0,0.13889519500816214,1,4.0,0.4265696676153875,7,25.0
310.0,3,7.0,0.2413793103448276,6.585918140374405,3,15.0,0.2953147864362408,0,10.0,0.6017950672789302,0,0.0,0.7274842340885929,3,25.0
315.0,1,2.0,0.06666666666666667,9.72320531853676,0,15.0,0.5501716246038973,0,4.0,0.8729183107909495,1,2.0,0.7170416092000886,1,21.0
320.0,1,0.0,0.0,9.945482955854281,1,5.0,0.5613818463086572,0,4.0,0.8762872620177093,0,0.0,0.6654971141859634,1,9.0
325.0,2,3.0,0.0967741935483871,10.452706233160743,0,2.0,0.8689465372341202,0,2.0,0.8890455405481975,2,3.0,0.4582632775021177,2,7.0
330.0,3,4.0,0.13333333333333333,8.258782600299401,1,4.0,0.5438667602604343,2,4.0,0.47981179587095824,0,3.0,0.42340314353021824,3,11.0
335.0,4,22.0,0.8148148148148148,8.081670771581873,1,9.0,0.5644252895739245,3,19.0,0.4091256401047609,0,0.0,0.6208563368342275,4,28.0
340.0,6,9.0,0.36,5.557004851481253,0,0.0,0.13862430216795255,2,16.0,0.4563822297205028,4,5.0,0.3085713347236602,6,21.0
345.0,6,22.0,0.7586206896551724,7.463868001406322,2,7.0,0.38766119504489244,0,5.0,0.5227297158057022,4,19.0,0.4383227078587293,6,31.0
350.0,5,46.0,1.4375,9.362080633709041,1,12.0,0.6060574538667752,1,4.0,0.39196641393059783,3,34.0,0.6375576235875644,5,50.0
355.0,3,1.0,0.029411764705882353,8.994979783219403,1,4.0,0.7547419566710754,2,1.0,0.0015702209943072782,0,27.0,0.6544446579721265,3,32.0
360.0,5,14.0,0.4117647058823529,8.652104379453847,1,6.0,0.6890311348258722,1,6.0,0.4828566046105357,3,6.0,0.5554853010447959,5,18.0
365.0,4,15.0,0.42857142857142855,7.461048683774902,1,4.0,0.5991305955877819,1,11.0,0.7454287340325985,2,4.0,0.3659778908615565,4,19.0
370.0,9,44.0,1.1891891891891893,8.711117896317221,0,2.0,0.6957530600199886,1,17.0,0.7046244011765321,8,28.0,0.2954359899419007,9,47.0
375.0,3,9.0,0.2727272727272727,7.325764923688393,0,0.0,0.5214250248045801,0,1.0,0.7482936202806597,3,36.0,0.27752103404660333,3,37.0
380.0,3,8.0,0.22857142857142856,9.257675306585083,1,6.0,0.7260379831435203,0,2.0,0.6970450870768814,2,13.0,0.4569755659624112,3,21.0
385.0,1,9.0,0.25,9.551553772799792,0,2.0,0.714969291843519,0,2.0,0.6808671469871901,1,9.0,0.6673454931776297,1,13.0
390.0,4,10.0,0.2777777777777778,9.816411450525887,1,2.0,0.7087564358357511,3,16.0,0.633505088793485,0,0.0,0.7769810524055107,4,18.0
395.0,1,2.0,0.05555555555555555,8.386310413869907,0,0.0,0.850019342349038,1,18.0,0.5446431833787067,0,0.0,0.4013834838305311,1,18.0
400.0,2,7.0,0.19444444444444445,9.052781717596964,0,0.0,0.8283376744217148,2,11.0,0.5601636415206054,0,2.0,0.6533592350010399,2,13.0
405.0,6,14.0,0.4117647058823529,8.619670227185084,0,0.0,0.9759705412991341,3,11.0,0.5382138507772993,3,9.0,0.43970353245070387,6,20.0
410.0,6,31.0,0.9393939393939394,7.973387082246678,0,0.0,0.9597083101920671,6,35.0,0.37200307345096195,0,8.0,0.6872336215154385,6,43.0
415.0,6,16.0,0.5,5.642198074827021,0,0.0,0.25391847021991465,5,42.0,0.24005773962912483,1,4.0,0.3137892391376236,6,46.0
420.0,3,7.0,0.2413793103448276,6.849507639634993,3,9.0,0.48095597230096415,0,21.0,0.3573119363532909,0,8.0,0.5553003570601809,3,38.0
425.0,2,6.0,0.24,7.0216955253040005,0,6.0,0.6112694327722141,2,17.0,0.14573068033668723,0,2.0,0.7819049983300885,2,25.0
430.0,10,35.0,1.2962962962962963,6.561954867385294,2,6.0,0.549631397424874,7,44.0,0.21723694947383676,1,2.0,0.5541813643480304,10,52.0
435.0,6,28.0,1.0,6.620243577832341,1,9.0,0.5066490220409535,4,52.0,0.22712551212139456,1,3.0,0.5478500249332809,6,64.0
440.0,3,20.0,0.7142857142857143,8.00787095560371,1,16.0,0.6097561034568271,2,31.0,0.283997677036323,0,2.0,0.5079017009403516,3,49.0
445.0,5,29.0,1.1153846153846154,8.232429812721172,3,26.0,0.5870469474098667,2,30.0,0.12203937907827529,0,2.0,0.7805925823330374,5,58.0
450.0,6,55.0,1.896551724137931,8.850709117295208,2,36.0,0.5641131911445464,4,46.0,0.3211608358699279,0,2.0,0.7398208632000248,6,84.0
455.0,6,44.0,1.5714285714285714,7.651604638070816,1,14.0,0.4513464297980244,4,66.0,0.3725774735244686,1,2.0,0.6257667316226552,6,82.0
460.0,5,30.0,1.0,8.015926575664263,2,11.0,0.5267718079217931,1,55.0,0.3924876243919809,2,7.0,0.4573264572826166,5,73.0
465.0,4,19.0,0.6551724137931034,8.780675973292052,1,2.0,0.5985933420127508,1,19.0,0.43206203879358596,2,14.0,0.6639638657665492,4,35.0
470.0,6,39.0,1.3448275862068966,9.979770728610596,3,8.0,0.5339294847468682,2,16.0,0.610910381220975,1,19.0,0.7312301476540237,6,43.0
475.0,1,22.0,0.7857142857142857,10.601407138707826,0,4.0,0.6331169662515532,0,9.0,0.8438249274457857,1,24.0,0.7777793527158979,1,37.0
480.0,2,7.0,0.2413793103448276,8.63309023112962,2,7.0,0.4205592392985307,0,2.0,0.7439242581539516,0,0.0,0.47874736872169255,2,9.0
485.0,6,15.0,0.5357142857142857,6.391318447423144,1,2.0,0.3515617439776381,0,0.0,0.528705121432503,5,15.0,0.3341433014607022,6,17.0
490.0,1,4.0,0.15384615384615385,9.12328811034346,0,1.0,0.8901822425916296,0,2.0,0.819057622277047,1,23.0,0.5254474350568231,1,26.0
495.0,1,0.0,0.0,11.352056710278585,1,1.0,0.688332492907869,0,4.0,0.8499168310514937,0,5.0,0.806399977492992,1,10.0
500.0,1,3.0,0.0967741935483871,10.633400019790068,1,3.0,0.5610068813760668,0,4.0,0.8691536163757159,0,0.0,0.6726797769148957,1,7.0
505.0,4,12.0,0.34285714285714286,9.190554784400863,3,12.0,0.3959135920307527,1,2.0,0.6629557272949802,0,0.0,0.6967246752061198,4,14.0
510.0,9,35.0,1.0,8.849353469676677,5,27.0,0.3929225994436136,0,0.0,0.8270927088190461,4,8.0,0.5032761037863571,9,35.0
515.0,0,0.0,0.0,8.30831901994453,0,18.0,0.6329820039507227,0,0.0,0.4599592335467106,0,8.0,0.601432507101145,0,26.0
520.0,2,6.0,0.1875,9.982064044040943,0,0.0,0.7360211240394839,2,8.0,0.42579206526714314,0,0.0,0.7810268079028945,2,8.0
525.0,3,6.0,0.2,8.86236919630531,3,6.0,0.48618611485902985,0,10.0,0.6319327200448662,0,0.0,0.9225357105216445,3,16.0
530.0,2,16.0,0.5333333333333333,10.731062232564334,2,18.0,0.6543598423523435,0,2.0,0.8219997645826282,0,0.0,0.7163973963146216,2,20.0
535.0,3,5.0,0.15625,9.376398993544866,1,14.0,0.6385947303704003,2,3.0,0.6424545929717465,0,0.0,0.638158453569739,3,17.0
540.0,5,20.0,0.6060606060606061,9.423904401363378,3,12.0,0.6333605049740783,1,8.0,0.7120545385804586,1,2.0,0.3697765722927695,5,22.0
545.0,1,7.0,0.22580645161290322,8.029466957048486,0,8.0,0.5935157026813104,0,0.0,0.4208875864419849,1,7.0,0.5679192641097148,1,15.0
550.0,6,12.0,0.36363636363636365,8.228849716588421,1,0.0,0.5635705373807773,5,14.0,0.3269740399963516,0,0.0,0.708512348814138,6,14.0
555.0,6,35.0,1.0606060606060606,9.605613211463055,1,3.0,0.5914123988751064,4,36.0,0.5566811168794936,1,0.0,0.7473315617301258,6,39.0
560.0,1,8.0,0.26666666666666666,9.951459481928634,1,8.0,0.721159603970597,0,24.0,0.6698674615913723,0,0.0,0.8536667936705732,1,32.0
565.0,1,2.0,0.06060606060606061,9.745247541788025,0,2.0,0.7490516223613126,1,4.0,0.5270443492092255,0,2.0,0.7936973088420893,1,8.0
570.0,4,11.0,0.3142857142857143,8.824183658143948,1,4.0,0.528736506007289,2,7.0,0.6151555240130826,1,4.0,0.6073143773495571,4,15.0
575.0,3,16.0,0.47058823529411764,8.466826171583232,0,3.0,0.5730018848944318,2,14.0,0.46657309375675415,1,7.0,0.6095199715951847,3,24.0
580.0,3,9.0,0.24324324324324326,9.075035261413898,1,4.0,0.563141148652539,0,9.0,0.663046342834487,2,7.0,0.6549296315916181,3,20.0
585.0,3,2.0,0.04878048780487805,9.337149332209126,1,0.0,0.6865042862264039,0,4.0,0.8516552357728798,2,2.0,0.4441906372393904,3,6.0
590.0,8,26.0,0.6842105263157895,7.673655547156848,2,3.0,0.4914119143392425,0,4.0,0.7736910187655847,6,23.0,0.18676464616084654,8,30.0
595.0,6,19.0,0.5135135135135135,6.871628672518882,0,3.0,0.6414407372465509,2,6.0,0.3387267778294187,4,38.0,0.3290743847756492,6,47.0
600.0,2,16.0,0.45714285714285713,9.984467239444998,0,0.0,0.8069263802873644,2,20.0,0.6781435456684997,0,14.0,0.614675087817121,2,34.0
605.0,4,26.0,0.7027027027027027,10.12871117353499,1,0.0,0.8194619735365136,2,30.0,0.6957588542933976,1,4.0,0.6353486212531146,4,34.0
610.0,3,41.0,1.0,9.839959779432942,0,0.0,0.6961411736423017,3,43.0,0.6820262080124988,0,0.0,0.5751730851228547,3,43.0
615.0,3,56.0,1.4736842105263157,10.437006316220225,0,0.0,0.8165491252407313,3,56.0,0.6366623658471544,0,0.0,0.8539451137826388,3,56.0
620.0,6,5.0,0.1282051282051282,7.876904191399139,2,3.0,0.5395804642130765,2,15.0,0.4607533159125749,2,0.0,0.5519459573134153,6,18.0
625.0,7,27.0,0.6923076923076923,8.245046649162955,0,0.0,0.7573057581604957,5,21.0,0.3494401773380541,2,6.0,0.46219975181275125,7,27.0
630.0,4,9.0,0.2571428571428571,6.582988701371954,1,2.0,0.6561466891148404,3,26.0,0.15833957163094814,0,6.0,0.4229911855132897,4,34.0
635.0,6,18.0,0.5142857142857142,7.46191509920246,4,12.0,0.4237395347650759,1,15.0,0.5046899708304017,1,4.0,0.5044192808661825,6,31.0
640.0,2,13.0,0.3611111111111111,8.267956955917176,1,14.0,0.48014420259750656,1,13.0,0.6495509981538015,0,5.0,0.6831610822771512,2,32.0
645.0,4,19.0,0.4634146341463415,9.640907711183424,2,14.0,0.6134032397669978,1,6.0,0.6836790661690272,1,7.0,0.6437570515664929,4,27.0
650.0,6,10.0,0.2564102564102564,7.992167932103146,2,11.0,0.491356689813907,3,13.0,0.4172478816954863,1,0.0,0.6915433724891178,6,24.0
655.0,4,9.0,0.21951219512195122,8.625236326018735,2,7.0,0.337680331052682,2,10.0,0.574301573952719,0,0.0,0.6501349536520716,4,17.0
660.0,3,12.0,0.3076923076923077,8.936757389823232,0,4.0,0.617161578727882,2,12.0,0.5169337208141329,1,4.0,0.6753920628858916,3,20.0
665.0,3,8.0,0.20512820512820512,8.762371654531936,1,2.0,0.7108847521956673,1,14.0,0.5363558417744579,1,9.0,0.7284401385407249,3,25.0
670.0,3,20.0,0.5263157894736842,9.96550263647146,0,2.0,0.787758446581877,2,13.0,0.6126946482559793,1,14.0,0.681369169612035,3,29.0
675.0,6,41.0,1.1388888888888888,9.011822772686278,1,1.0,0.6059863475512451,2,22.0,0.5272488699026491,3,22.0,0.4670426316584722,6,45.0
680.0,8,53.0,1.65625,6.283940550466397,3,13.0,0.4968369131035801,1,8.0,0.3334023850325641,4,39.0,0.2006840055796265,8,60.0
685.0,2,0.0,0.0,6.959236623065577,0,10.0,0.4246510499846934,0,1.0,0.48837374313257287,2,19.0,0.4395862563187081,2,30.0
690.0,2,7.0,0.18421052631578946,9.737775698876895,1,7.0,0.6773058238160522,1,5.0,0.47617777480541795,0,2.0,0.7898249505228496,2,14.0
695.0,7,31.0,0.8857142857142857,8.079080465204324,1,12.0,0.6559610717505534,6,24.0,0.38477690138981685,0,2.0,0.6551737984957169,7,38.0
700.0,9,56.0,1.435897435897436,7.133005181606476,0,2.0,0.5464230148800449,6,54.0,0.43625849695988544,3,5.0,0.3568038047501352,9,61.0
705.0,6,31.0,0.7948717948717948,7.3466197540584295,4,12.0,0.49961454053732385,2,52.0,0.36305965385236844,0,0.0,0.7755540540676966,6,64.0
710.0,2,5.0,0.125,7.53111287577712,0,12.0,0.4292120336317647,1,26.0,0.45574672254992604,1,5.0,0.6681527354780687,2,43.0
715.0,5,18.0,0.42857142857142855,8.833664082160682,4,13.0,0.5552764746976754,1,11.0,0.48636565013853483,0,2.0,0.7877877385795006,5,26.0
720.0,2,2.0,0.046511627906976744,8.851091679115079,0,10.0,0.6884265467071459,1,11.0,0.6074330415465119,1,2.0,0.6380348783963063,2,23.0
725.0,3,16.0,0.34782608695652173,8.817716520854257,0,4.0,0.5301149454061307,3,22.0,0.5749275711077638,0,0.0,0.7166005369976113,3,26.0
730.0,9,44.0,0.9777777777777777,6.806023591942911,4,17.0,0.25816846015503125,4,39.0,0.45799494409394426,1,1.0,0.5822285021847459,9,57.0
735.0,13,53.0,1.2045454545454546,5.57936651723051,8,48.0,0.1322174804664994,2,37.0,0.4330802959209524,3,8.0,0.5237734331796461,13,93.0
740.0,11,59.0,1.2826086956521738,6.6931585881602995,7,67.0,0.30027102232434943,2,12.0,0.40053500930911407,2,20.0,0.662794819647545,11,99.0
745.0,5,19.0,0.4222222222222222,8.566223357629582,2,55.0,0.5509511460315247,2,17.0,0.5088482569310924,1,13.0,0.7429976659092637,5,85.0
750.0,4,17.0,0.38636363636363635,8.587320208396877,2,29.0,0.5967701720009096,0,11.0,0.5388308107250636,2,10.0,0.6021866025157112,4,50.0
755.0,9,34.0,0.7391304347826086,7.187751427655548,3,24.0,0.5410967204423525,5,13.0,0.3768477313389077,1,10.0,0.3279823860170617,9,47.0
760.0,8,39.0,0.8478260869565217,7.390982811136066,2,11.0,0.5549056399723911,6,43.0,0.39683633157326464,0,1.0,0.47974569006422124,8,55.0
765.0,8,42.0,0.9545454545454546,7.712608745355166,3,15.0,0.40708267804200904,2,49.0,0.5341941324593314,3,7.0,0.35044984061615486,8,71.0
770.0,5,27.0,0.574468085106383,7.985950151761646,1,19.0,0.4670867763080737,1,29.0,0.4834545551120284,3,23.0,0.47025162283802086,5,71.0
775.0,3,15.0,0.375,9.368887010975854,0,7.0,0.718281524078131,2,16.0,0.6151692522230473,1,23.0,0.6742429870723583,3,46.0
780.0,2,4.0,0.09302325581395349,9.258151056362044,0,0.0,0.7588668906497844,1,6.0,0.6139035293040699,1,7.0,0.6390324796130626,2,13.0
785.0,6,16.0,0.3404255319148936,7.848216018208046,2,4.0,0.5755960804090176,2,15.0,0.6614833671300578,2,3.0,0.3980843005678203,6,22.0
790.0,7,23.0,0.5111111111111111,7.601113474428133,2,7.0,0.5245485121261295,0,9.0,0.678512481125267,5,21.0,0.39055426963774803,7,37.0
795.0,9,30.0,0.625,7.361800132737514,7,24.0,0.40475825348601746,1,4.0,0.593026773559409,1,23.0,0.47304755629795037,9,51.0
800.0,4,15.0,0.32608695652173914,8.244181310913625,1,24.0,0.528907024584516,1,11.0,0.6120574761904688,2,8.0,0.5841295465819072,4,43.0
805.0,2,9.0,0.1875,9.439075259105863,1,2.0,0.64233609798442,0,5.0,0.7764470672006639,1,9.0,0.633850894046162,2,16.0
810.0,3,5.0,0.09803921568627451,9.439885419630752,2,6.0,0.5567709073749939,0,4.0,0.8494552566203843,1,3.0,0.6336075802863134,3,13.0
815.0,12,42.0,0.7924528301886793,7.619900513798092,6,27.0,0.3605799112307642,1,6.0,0.5805036906830126,5,17.0,0.3492815692537771,12,50.0
820.0,11,22.0,0.4782608695652174,4.614859165280859,6,39.0,0.2830667780068012,1,4.0,0.2563663797482177,4,24.0,0.28035201641373436,11,67.0
825.0,4,13.0,0.2826086956521739,7.728723785047855,2,28.0,0.48598309621837465,2,10.0,0.5082282041038124,0,9.0,0.5609648361635189,4,47.0
830.0,4,20.0,0.39215686274509803,9.095376031091478,3,20.0,0.4942192657069171,1,7.0,0.6828826337952116,0,0.0,0.7129331769360857,4,27.0
835.0,7,49.0,0.9074074074074074,9.29784451468592,2,30.0,0.6026961068111333,3,22.0,0.6427175472576727,2,4.0,0.6090124384784342,7,56.0
840.0,11,66.0,1.2452830188679245,7.660201648161308,4,41.0,0.4944439440910367,2,23.0,0.4897392194919811,5,21.0,0.4434461071332416,11,85.0
845.0,5,56.0,1.037037037037037,7.995919141057457,3,58.0,0.5858627508055292,0,8.0,0.46155709544485696,2,15.0,0.5966114675604424,5,81.0
850.0,2,1.0,0.017857142857142856,8.855420664696661,2,17.0,0.5521368312265117,0,0.0,0.4805251518865656,0,1.0,0.6621989923077454,2,18.0
855.0,7,18.0,0.33962264150943394,8.37031734871988,4,12.0,0.5225942654617346,0,0.0,0.49700162624800187,3,9.0,0.5825060799484127,7,21.0
860.0,6,12.0,0.2553191489361702,7.245090439730007,4,18.0,0.5145525795627951,1,5.0,0.6403783606679827,1,10.0,0.5060838693584914,6,33.0
865.0,8,23.0,0.4339622641509434,7.490355366731778,5,23.0,0.4272375236595591,1,7.0,0.6644158127706192,2,4.0,0.5484036458856185,8,34.0
870.0,8,37.0,0.6271186440677966,7.7700151072424655,4,28.0,0.3672142446034843,2,17.0,0.7100227928874792,2,14.0,0.5519861694329948,8,59.0
875.0,9,34.0,0.5483870967741935,7.149315003115604,8,39.0,0.26686065811075715,0,12.0,0.7759287386452159,1,5.0,0.4330761468623762,9,56.0
880.0,12,48.0,0.8275862068965517,6.624591456713028,8,68.0,0.3054840581718953,0,0.0,0.6761587376640592,4,18.0,0.37988121426122723,12,86.0
885.0,10,28.0,0.49122807017543857,6.749221000212026,5,65.0,0.41112406008014823,3,9.0,0.518333303092225,2,21.0,0.4487094068649955,10,95.0
890.0,9,50.0,0.8620689655172413,7.502739263937808,4,58.0,0.433298648263907,3,26.0,0.5354482707154541,2,13.0,0.6050769697531978,9,97.0
895.0,11,49.0,0.7777777777777778,7.932408042188937,8,68.0,0.3477619548772391,1,24.0,0.6454885134875702,2,23.0,0.6368489461920379,11,115.0
900.0,12,64.0,1.0158730158730158,7.049709988306322,8,87.0,0.20305361639617509,0,4.0,0.7141628518680205,4,35.0,0.5265189290646507,12,126.0
905.0,11,33.0,0.55,6.544521844022785,6,74.0,0.2592271594446533,3,15.0,0.4591997446742814,2,21.0,0.5839202786517884,11,110.0
910.0,7,44.0,0.676923076923077,7.436015581156218,2,65.0,0.42618633867122185,2,18.0,0.45174547706562745,3,16.0,0.49071998633832103,7,99.0
915.0,5,2.0,0.029850746268656716,7.2892798389612175,4,47.0,0.3847622408495561,0,8.0,0.5513964586876975,1,12.0,0.552637281748044,5,67.0
920.0,8,26.0,0.4126984126984127,8.260310900811929,8,50.0,0.4402734724585268,0,2.0,0.7226205083263614,0,2.0,0.593910996513558,8,54.0
925.0,11,35.0,0.5384615384615384,7.383217189628793,7,68.0,0.34615427497208384,2,5.0,0.6671725736715255,2,11.0,0.6334966353046375,11,84.0
930.0,6,10.0,0.15151515151515152,6.958757857577801,5,45.0,0.2869319621458135,0,5.0,0.7263379963258031,1,5.0,0.5744107615752077,6,55.0
935.0,9,27.0,0.4090909090909091,6.522898133177844,3,50.0,0.3068380871330626,3,14.0,0.5479240672601917,3,14.0,0.40932502549708205,9,78.0
940.0,14,40.0,0.6349206349206349,5.361637442880504,9,74.0,0.21637388831212698,1,11.0,0.5052180589460962,4,25.0,0.21829523636667528,14,110.0
945.0,11,44.0,0.676923076923077,6.169597686790266,8,89.0,0.24211861018393938,0,5.0,0.7312357427530811,3,21.0,0.3983327082127833,11,115.0
950.0,9,36.0,0.5454545454545454,7.7175893862441125,7,74.0,0.3416280814510109,0,4.0,0.7899205055034286,2,27.0,0.6111575977279842,9,105.0
955.0,5,7.0,0.10294117647058823,8.152216569635733,2,38.0,0.40084971708903916,1,6.0,0.7830296230044512,2,5.0,0.5545502305051466,5,49.0
960.0,8,37.0,0.5138888888888888,8.466210959150755,3,32.0,0.523954454059046,1,7.0,0.7242836099395713,4,20.0,0.29716524832692987,8,59.0
965.0,7,16.0,0.23529411764705882,7.201562280110161,2,23.0,0.48627217983940707,1,2.0,0.5501988803246451,4,28.0,0.27256748168695,7,53.0
970.0,12,43.0,0.6825396825396826,7.217601047256298,5,26.0,0.3739536649957849,5,21.0,0.44137472725446447,2,21.0,0.5095993170883387,12,68.0
975.0,14,78.0,1.3,5.729969403526552,6,38.0,0.11258032886928218,7,53.0,0.3373733236553068,1,13.0,0.5403845540221731,14,104.0
980.0,13,56.0,0.875,5.931868645430152,5,35.0,0.23027891891566635,6,65.0,0.3517151171486905,2,19.0,0.3977898385558424,13,119.0
985.0,9,40.0,0.5970149253731343,7.680098301053683,3,26.0,0.46449654082033137,3,43.0,0.4418569479455111,3,31.0,0.6506668101749775,9,100.0
990.0,11,74.0,1.0724637681159421,7.866920701969582,6,40.0,0.43146185608591336,2,28.0,0.3941612332892887,3,42.0,0.669324850936273,11,110.0
995.0,11,47.0,0.7121212121212122,7.1353004665608735,7,58.0,0.36748994350719016,3,32.0,0.4845215573690293,1,6.0,0.6726117247139823,11,96.0
1000.0,8,26.0,0.3880597014925373,6.128888712098284,3,52.0,0.2651765826784304,2,27.0,0.48372209399962474,3,8.0,0.5290921048887395,8,87.0
1005.0,7,44.0,0.6285714285714286,6.3079896675926275,4,43.0,0.3068112790004657,3,19.0,0.4029053664412839,0,6.0,0.4610843996451389,7,68.0
1010.0,7,11.0,0.1527777777777778,6.84168257251709,3,32.0,0.3678207553998942,2,31.0,0.47400061395677806,2,1.0,0.4798306147417457,7,64.0
1015.0,15,61.0,0.8591549295774648,7.369666365849262,8,40.0,0.31177840724635036,4,35.0,0.4627031031376599,3,16.0,0.5960195713944773,15,91.0
1020.0,17,104.0,1.4246575342465753,6.655985177666256,8,62.0,0.1766212354500504,5,52.0,0.48460788051004977,4,35.0,0.5916131682120978,17,149.0
1025.0,13,41.0,0.5324675324675324,6.229284361665211,6,62.0,0.19326343111428132,5,64.0,0.37098312331949906,2,22.0,0.6316349887838081,13,148.0
1030.0,13,57.0,0.7702702702702703,7.426078845738996,2,39.0,0.4352085698206733,9,72.0,0.3335411001958418,2,9.0,0.49487736427771534,13,120.0
1035.0,14,96.0,1.3150684931506849,5.913082995424659,1,29.0,0.3906388208474095,11,103.0,0.26882121398945397,2,10.0,0.26039686825889186,14,142.0
1040.0,18,96.0,1.4545454545454546,5.648549885667465,6,51.0,0.3236279796022838,11,133.0,0.109887052460736,1,5.0,0.3916233055293982,18,189.0
1045.0,14,54.0,0.8181818181818182,6.299846908692323,5,64.0,0.3392238514838388,7,118.0,0.2886295621203622,2,13.0,0.5920555556268023,14,195.0
1050.0,8,33.0,0.4852941176470588,7.614624980644391,4,41.0,0.39857305506732715,1,98.0,0.4935688195926435,3,23.0,0.6346196859391033,8,162.0
1055.0,9,36.0,0.5070422535211268,7.830453670877309,2,26.0,0.5372845672741211,7,105.0,0.350857178489024,0,2.0,0.649256457032488,9,133.0
1060.0,15,55.0,0.7971014492753623,6.972051768094847,3,23.0,0.528522534704728,8,108.0,0.2810372406075267,4,13.0,0.3916254989549494,15,144.0
1065.0,9,21.0,0.3387096774193548,5.844371755803616,1,14.0,0.4693209640852625,3,76.0,0.25736388974821905,5,22.0,0.36024391694666463,9,112.0
1070.0,10,45.0,0.7258064516129032,7.783645036840343,5,21.0,0.39962272825790845,4,44.0,0.33075956203275764,1,14.0,0.6166665351334573,10,79.0
1075.0,7,33.0,0.5238095238095238,8.348346717661014,4,34.0,0.49243044111039047,2,39.0,0.4308425173352665,1,13.0,0.6579882192192629,7,86.0
1080.0,8,42.0,0.6885245901639344,8.064488207075037,0,26.0,0.4747454782322366,7,49.0,0.33318352114344585,1,16.0,0.6687823997185711,8,91.0
1085.0,10,27.0,0.42857142857142855,7.368513638159475,2,17.0,0.46412009298043905,7,64.0,0.33670622632306396,1,0.0,0.5783615877751821,10,81.0
1090.0,7,18.0,0.29508196721311475,8.395399066728924,1,12.0,0.6122725019768909,2,44.0,0.4157768597855056,4,13.0,0.5272771147572048,7,69.0
1095.0,7,17.0,0.3090909090909091,7.176513575446713,3,23.0,0.4600086790849818,3,37.0,0.2793013093299229,1,13.0,0.5664853308817298,7,73.0
1100.0,15,44.0,0.7857142857142857,5.919396858902582,4,27.0,0.39601474188788,9,65.0,0.19186781490072163,2,5.0,0.4885759559361796,15,97.0
1105.0,11,40.0,0.6557377049180327,7.250949382730812,1,17.0,0.39696928905830414,8,80.0,0.3674847583647367,2,9.0,0.5858418152497521,11,106.0
1110.0,5,10.0,0.15384615384615385,8.181689796625028,2,18.0,0.4930560035195556,1,51.0,0.5353643656526302,2,6.0,0.5390232607415255,5,75.0
1115.0,8,46.0,0.6865671641791045,8.466608066439408,2,18.0,0.5989226227347348,3,25.0,0.4585241043639298,3,21.0,0.581924032629487,8,64.0
1120.0,7,33.0,0.4782608695652174,7.449634163520837,2,25.0,0.6490777569460019,3,33.0,0.3711726573000311,2,15.0,0.5350333213269125,7,73.0
1125.0,10,62.0,0.8732394366197183,7.706868562297095,2,35.0,0.5584180365088901,6,44.0,0.3557214666029932,2,7.0,0.5812748605602042,10,86.0
1130.0,13,31.0,0.40789473684210525,5.453266004287204,3,9.0,0.3527152824469272,9,64.0,0.25810551094980233,1,3.0,0.34670681837337464,13,76.0
1135.0,19,71.0,0.8875,6.381751737694441,6,27.0,0.46225049470116586,5,68.0,0.22581017964960337,8,30.0,0.40521820403785247,19,125.0
1140.0,10,57.0,0.8260869565217391,6.68313566597522,1,29.0,0.5298380856655635,7,72.0,0.24622062341013906,2,41.0,0.5239352191029101,10,142.0
1145.0,9,73.0,1.0895522388059702,7.200101448598997,2,17.0,0.5331759634324903,5,88.0,0.41316236218178076,2,17.0,0.5027374233477209,9,122.0
1150.0,13,116.0,1.5890410958904109,7.065021748387055,5,23.0,0.5215068614513567,6,112.0,0.42348916620126337,2,12.0,0.40873264022915246,13,147.0
1155.0,14,51.0,0.6891891891891891,6.95755438843378,3,15.0,0.4793555076614454,3,83.0,0.4285139460316475,8,35.0,0.4047764926804259,14,133.0
1160.0,18,70.0,0.9722222222222222,5.376833849579973,7,31.0,0.31854524074258805,6,33.0,0.24864798972764762,5,49.0,0.2819366726814278,18,113.0
1165.0,13,46.0,0.696969696969697,5.070785642267404,5,51.0,0.3000934662613219,4,50.0,0.22348794652454626,4,42.0,0.3476558183112416,13,143.0
1170.0,7,30.0,0.43478260869565216,7.484824494945659,3,43.0,0.3994832835632739,2,45.0,0.5478763787494136,2,28.0,0.5091112095268343,7,116.0
1175.0,8,26.0,0.3466666666666667,8.199838266880365,4,30.0,0.48440112184619866,2,34.0,0.661153635967249,2,26.0,0.4679854951215333,8,90.0
1180.0,11,53.0,0.6883116883116883,7.541071779575648,1,31.0,0.4656340300868658,3,27.0,0.5743665068346148,7,44.0,0.38353770766385964,11,102.0
1185.0,18,89.0,1.141025641025641,6.776198964457009,7,41.0,0.3965495322564158,5,41.0,0.45898220868592793,6,62.0,0.37739349486189794,18,144.0
1190.0,12,30.0,0.39473684210526316,5.271555754471491,6,58.0,0.3037432829134743,2,27.0,0.4143959081908547,4,42.0,0.3032980794905253,12,127.0
1195.0,16,46.0,0.6133333333333333,5.429391111852683,6,51.0,0.26116969000914897,5,28.0,0.444061088537933,5,52.0,0.2614158698290378,16,131.0
1200.0,19,97.0,1.2278481012658229,5.9717286994439736,4,45.0,0.29676799803014936,5,47.0,0.49375541886298696,10,87.0,0.212267478976553,19,179.0
1205.0,18,77.0,1.0405405405405406,5.1346266886892575,7,53.0,0.2912061215436052,1,38.0,0.3794027913868198,10,105.0,0.21372848571652178,18,196.0
1210.0,16,47.0,0.6438356164383562,5.47981636403123,8,73.0,0.2947224632122689,1,19.0,0.5284932444691256,7,93.0,0.299616131791315,16,185.0
1215.0,12,43.0,0.5584415584415584,6.781397934211093,5,61.0,0.35563841283301084,3,22.0,0.5625458596794003,4,66.0,0.3676329360151502,12,149.0
1220.0,9,32.0,0.3855421686746988,6.963300912343385,2,49.0,0.3563523455656923,5,43.0,0.5553999340930531,2,63.0,0.36605898594232306,9,155.0
1225.0,19,70.0,0.8641975308641975,5.762184276336773,8,61.0,0.2605685574599902,3,33.0,0.3923458806846573,8,83.0,0.2355400131822091,19,177.0
1230.0,23,71.0,0.9466666666666667,3.930947031485238,9,79.0,0.25472731429610673,3,17.0,0.286676449087002,11,101.0,0.13298817074087865,23,197.0
1235.0,12,46.0,0.5974025974025974,5.375167863106228,4,64.0,0.38059685650601793,3,23.0,0.4074434259267339,5,87.0,0.23094698307867015,12,174.0
1240.0,16,76.0,0.8735632183908046,6.992409705371642,1,34.0,0.3920434964955698,10,51.0,0.422813936807257,5,66.0,0.4094511271401461,16,151.0
1245.0,13,49.0,0.5632183908045977,6.2996729553012765,7,57.0,0.2453082721769912,5,60.0,0.38072677099579805,1,43.0,0.38334974150375073,13,160.0
1250.0,16,48.0,0.5714285714285714,5.794353163969612,6,68.0,0.25589280134043724,2,38.0,0.24471707957309558,8,48.0,0.36471412331628855,16,154.0
1255.0,10,43.0,0.5733333333333334,6.118376975810045,1,45.0,0.36415121156401103,3,30.0,0.38212008695654054,6,59.0,0.32468118592114015,10,134.0
1260.0,11,34.0,0.4533333333333333,6.444851755114184,5,23.0,0.3920586162690168,1,18.0,0.46146133561464053,5,52.0,0.3183866797266383,11,93.0
1265.0,13,78.0,0.975,7.6345877185070865,2,26.0,0.48956274004447453,7,36.0,0.47518961674548316,4,48.0,0.39864911415613696,13,110.0
1270.0,10,29.0,0.35802469135802467,6.493340668328905,1,9.0,0.39343834249243986,5,52.0,0.3750367531839089,4,49.0,0.4053986859368598,10,110.0
1275.0,13,63.0,0.8076923076923077,6.5979368175469455,5,24.0,0.346039075454003,2,41.0,0.34226542492842293,6,53.0,0.404621977295062,13,118.0
1280.0,11,52.0,0.6666666666666666,6.450060479726548,5,45.0,0.3526084880173313,2,26.0,0.34635255583300684,4,56.0,0.4507049549350538,11,127.0
1285.0,7,25.0,0.3424657534246575,6.8764178903186,4,39.0,0.4051857897607589,1,24.0,0.4972531226550936,2,30.0,0.37758815041941146,7,93.0
1290.0,14,58.0,0.7341772151898734,7.475733309636646,5,45.0,0.33695312839570224,6,28.0,0.43943931253409874,3,23.0,0.5109152221810342,14,96.0
1295.0,14,87.0,1.0740740740740742,7.580661221086721,5,58.0,0.4126936779864311,5,46.0,0.38237654234489715,4,26.0,0.4987109906381258,14,130.0
1300.0,9,39.0,0.4936708860759494,6.354926079816735,4,63.0,0.4003670024163901,4,42.0,0.33014024154263866,1,20.0,0.4482505428779652,9,125.0
1305.0,13,65.0,0.8227848101265823,7.01283108832521,4,60.0,0.4439523952736888,4,44.0,0.31005742826181926,5,20.0,0.5033527131856875,13,124.0
1310.0,13,69.0,0.9324324324324325,7.089863346756058,5,68.0,0.4520530889609811,3,48.0,0.40101821474180577,5,25.0,0.42641163426885426,13,141.0
1315.0,11,45.0,0.6428571428571429,6.728061472339122,6,72.0,0.4261732246481763,1,43.0,0.44749798959752185,4,32.0,0.389428124519684,11,147.0
1320.0,17,84.0,1.135135135135135,6.670437851809424,5,78.0,0.34724601622328916,8,36.0,0.3759612373875314,4,37.0,0.4590142760268748,17,151.0
1325.0,19,107.0,1.3717948717948718,6.356010670663579,9,80.0,0.24955470674369662,5,53.0,0.3764237348095738,5,48.0,0.3976594374500076,19,181.0
1330.0,17,60.0,0.8,6.029948238810152,10,110.0,0.2382722923913343,5,46.0,0.3881064889602191,2,24.0,0.4855325347297795,17,180.0
1335.0,12,46.0,0.6216216216216216,6.6912238764702945,5,101.0,0.338531163449686,2,39.0,0.40963406679915965,5,24.0,0.48977266036082495,12,164.0
1340.0,18,87.0,1.1012658227848102,6.597631774862674,5,79.0,0.39068897647898804,8,62.0,0.3653337129381359,5,34.0,0.33149901216275174,18,175.0
1345.0,23,118.0,1.4936708860759493,6.046720795089417,5,69.0,0.31207678733276306,15,123.0,0.3223439005963749,3,33.0,0.38285085640530503,23,225.0
1350.0,25,122.0,1.564102564102564,5.086468009459471,8,65.0,0.257947608320766,14,161.0,0.1773857185375521,3,33.0,0.34705381373702543,25,259.0
1355.0,24,98.0,1.225,4.729979664726002,8,82.0,0.25248564111869753,9,155.0,0.1997463706149388,7,48.0,0.35989752400170477,24,285.0
1360.0,20,91.0,1.1097560975609757,4.919457691801821,7,68.0,0.2747257317120892,4,165.0,0.27047389429398677,9,86.0,0.3620595136812349,20,319.0
1365.0,22,109.0,1.2823529411764707,5.231202439305817,6,75.0,0.32322411433800113,8,188.0,0.23907737169062593,8,95.0,0.3138671234172777,22,358.0
1370.0,24,100.0,1.1627906976744187,5.261892713723246,6,72.0,0.3197207700551829,11,194.0,0.1675703468990854,7,87.0,0.31724112944735616,24,353.0
1375.0,15,65.0,0.7738095238095238,5.8556347776095246,6,85.0,0.30404118598029534,6,139.0,0.3360407355575257,3,72.0,0.3981740849142662,15,296.0
1380.0,16,73.0,0.8902439024390244,5.88460447731392,11,98.0,0.27965827853540803,4,95.0,0.4009228525042406,1,66.0,0.44938037532657,16,259.0
1385.0,15,91.0,1.0340909090909092,6.307825532685786,5,105.0,0.369696068544815,6,76.0,0.4493712104553704,4,74.0,0.4332384734270516,15,255.0
1390.0,13,42.0,0.4666666666666667,5.867694616196251,5,86.0,0.375045008492369,4,63.0,0.30547390712093053,4,74.0,0.39696808827312996,13,223.0
1395.0,19,78.0,0.8571428571428571,5.460395382465464,9,113.0,0.31038654360625223,7,58.0,0.2836076575221174,3,55.0,0.2876744007723709,19,226.0
1400.0,27,140.0,1.5555555555555556,5.26317769793568,16,170.0,0.13713767570945187,8,82.0,0.31910471068317275,3,39.0,0.3732482132602899,27,291.0
1405.0,23,131.0,1.4395604395604396,5.511467498053989,14,204.0,0.22708518615922743,6,75.0,0.3326329882879278,3,41.0,0.4369551588211168,23,320.0
1410.0,22,95.0,1.0326086956521738,5.593451058667267,12,193.0,0.2541916760402501,5,81.0,0.3391642786721107,5,45.0,0.486991311130958,22,319.0
1415.0,24,144.0,1.5319148936170213,5.747229079485057,8,211.0,0.1759798900859302,11,86.0,0.3584529751487048,5,55.0,0.5614476960393541,24,352.0
1420.0,27,105.0,1.0824742268041236,4.220087509058189,16,267.0,0.1177424697484423,8,98.0,0.22381131952756836,3,28.0,0.3279989953851443,27,393.0
1425.0,23,92.0,0.9787234042553191,4.506975775831559,10,288.0,0.1935720255254621,7,79.0,0.15837266992635987,6,28.0,0.40467851554995804,23,395.0
1430.0,21,87.0,0.9666666666666667,5.2485070736764206,6,252.0,0.28059411263148015,9,80.0,0.2872840572923362,6,42.0,0.431609380925754,21,374.0
1435.0,13,48.0,0.5052631578947369,4.930471366971309,4,262.0,0.2119069476720609,4,89.0,0.37267910048153896,5,45.0,0.42570815692824737,13,396.0
1440.0,21,84.0,0.8,4.702148985739805,12,300.0,0.16209765186933234,6,86.0,0.32010189352975343,3,41.0,0.35708054456373123,21,427.0
1445.0,28,158.0,1.5047619047619047,4.135263335091488,17,367.0,0.10275171174162917,4,82.0,0.20220666994894243,7,47.0,0.2994998505543714,28,496.0
1450.0,32,159.0,1.606060606060606,3.4911367035115846,16,389.0,0.1319796786839667,7,73.0,0.20228326977212596,9,73.0,0.20256696567486276,32,535.0
1455.0,29,128.0,1.292929292929293,3.8320725010606935,15,327.0,0.14518571642626485,5,92.0,0.2806563956175227,9,71.0,0.23754208152241651,29,490.0
1460.0,25,107.0,1.0288461538461537,4.756773223996747,12,291.0,0.17963223162105946,9,117.0,0.31053478471952123,4,83.0,0.29453260021731026,25,491.0
1465.0,20,75.0,0.7075471698113207,4.834100208809435,6,294.0,0.20535415978564386,7,128.0,0.31029756924055696,7,92.0,0.27833073774747785,20,514.0
1470.0,26,79.0,0.7596153846153846,4.251606387225895,11,319.0,0.25651285649983163,8,110.0,0.2136945698276305,7,97.0,0.24746597456306896,26,526.0
1475.0,30,140.0,1.3592233009708738,4.193478311604271,13,376.0,0.23004114744847365,9,146.0,0.20896317582929302,8,95.0,0.3063223334551392,30,617.0
1480.0,34,166.0,1.6274509803921569,3.7388543460408723,13,387.0,0.14946893412198753,11,172.0,0.2223979576889203,10,112.0,0.3019125545082084,34,671.0
1485.0,28,153.0,1.4166666666666667,3.807562715637175,9,335.0,0.18535358170336064,14,219.0,0.23169337362536743,5,110.0,0.223736585542776,28,664.0
1490.0,31,230.0,2.0720720720720722,4.779024161593699,6,235.0,0.23456033696491768,18,290.0,0.25761829243733053,7,101.0,0.2511124171469262,31,626.0
1495.0,26,177.0,1.6388888888888888,4.102853166160019,3,219.0,0.24226994774486588,19,326.0,0.15001830993645707,4,104.0,0.22015142536921062,26,649.0
1500.0,28,145.0,1.3679245283018868,4.231676143298333,7,236.0,0.231493807004056,15,310.0,0.23266572477182418,6,90.0,0.2680968392880756,28,636.0
1505.0,31,173.0,1.5727272727272728,4.480416918250145,15,288.0,0.24929392503485565,12,246.0,0.21535302561292405,4,82.0,0.3456068733064649,31,616.0
1510.0,30,179.0,1.6126126126126126,4.761680538808178,13,290.0,0.2489312381880851,13,246.0,0.26151839635777185,4,78.0,0.3677701290839195,30,614.0
1515.0,23,100.0,0.8849557522123894,4.480897790860609,9,236.0,0.223998566650492,8,258.0,0.3162944095039555,6,88.0,0.27247374699838334,23,582.0
1520.0,23,87.0,0.7565217391304347,4.2623238829309775,7,267.0,0.15341697586902128,9,267.0,0.284476339436037,7,86.0,0.26333662536057806,23,620.0
1525.0,33,150.0,1.3157894736842106,3.497052634212074,15,315.0,0.11211269335039153,15,299.0,0.1916731954473603,3,70.0,0.20570506676129077,33,684.0
1530.0,37,166.0,1.509090909090909,3.059419759870029,16,324.0,0.0892720312789533,15,327.0,0.1278832933630308,6,70.0,0.17700061595169883,37,721.0
1535.0,26,99.0,0.9252336448598131,3.4196870679608673,7,269.0,0.20479568500266193,14,317.0,0.19244113309713018,5,72.0,0.21030588283728846,26,658.0
1540.0,22,130.0,1.2264150943396226,4.9120489586428135,4,196.0,0.3058369480261455,14,287.0,0.3155729250314057,4,49.0,0.2992332501629638,22,532.0
1545.0,13,68.0,0.6017699115044248,4.50035105522875,3,190.0,0.26989607450956116,8,298.0,0.2685998641854489,2,54.0,0.30324305646701966,13,542.0
1550.0,20,73.0,0.6186440677966102,4.872759901825283,8,206.0,0.25580004488491054,6,279.0,0.2556843232655675,6,66.0,0.24945348474303675,20,551.0
1555.0,31,176.0,1.6,3.938744141195354,13,261.0,0.14484970115621337,13,283.0,0.18291966354452338,5,73.0,0.19105583750190586,31,617.0
1560.0,36,246.0,2.3883495145631066,3.117539235339498,18,343.0,0.11297014734783724,13,292.0,0.15035386177934953,5,64.0,0.15312553081766847,36,699.0
1565.0,35,208.0,2.0594059405940595,3.2281677285582817,17,373.0,0.16530165377815595,12,248.0,0.17878043387234357,6,90.0,0.19634592602688486,35,711.0
1570.0,28,159.0,1.5288461538461537,4.391527991855819,11,310.0,0.22484697652077293,10,191.0,0.24412018476842462,7,120.0,0.23739406712978942,28,621.0
1575.0,26,206.0,1.9074074074074074,5.332208313329155,9,235.0,0.32169621431442913,8,189.0,0.3818102910087564,9,164.0,0.2644691318048433,26,588.0
1580.0,28,203.0,1.7964601769911503,4.7836837049444565,10,266.0,0.30082166428688295,5,165.0,0.37085001763624903,13,219.0,0.2383915712039368,28,650.0
1585.0,31,179.0,1.543103448275862,4.352834160875312,14,328.0,0.21773419585512047,5,120.0,0.269443344377461,12,239.0,0.19115916432420021,31,687.0
1590.0,37,235.0,2.1171171171171173,3.645725115471582,15,403.0,0.1312789702432378,10,120.0,0.23724828648363575,12,234.0,0.17297295584739206,37,757.0
1595.0,42,260.0,2.4299065420560746,3.7850126179604313,16,418.0,0.13876781563365007,9,140.0,0.2734238288764181,17,236.0,0.16812393314602064,42,794.0
1600.0,30,154.0,1.5098039215686274,4.13505500739401,11,365.0,0.20166199094135737,8,117.0,0.3286501218090456,11,285.0,0.20512170859898288,30,767.0
1605.0,23,109.0,1.0186915887850467,4.577918415209124,7,365.0,0.2248271827127686,5,105.0,0.3121242336494544,11,316.0,0.19781627665321969,23,786.0
1610.0,31,136.0,1.2830188679245282,4.479489389581651,12,411.0,0.19598196160897274,7,103.0,0.286301670732932,12,374.0,0.18704758914591668,31,888.0
1615.0,36,188.0,1.8613861386138615,3.0688528887251043,17,479.0,0.1376028720552783,10,135.0,0.18593560604815387,9,382.0,0.1444091545191607,36,996.0
1620.0,42,296.0,2.98989898989899,3.4804272884531837,20,569.0,0.14485670132897485,15,193.0,0.22452160468945037,7,328.0,0.23425106648941435,42,1090.0
1625.0,45,469.0,4.598039215686274,3.950774380720721,23,679.0,0.0976738634186885,16,272.0,0.26306605348780515,6,249.0,0.26527399344783614,45,1200.0
1630.0,41,410.0,3.9805825242718447,2.891170845312001,24,708.0,0.07657966678175901,12,280.0,0.14792681792472415,5,269.0,0.23591815843802244,41,1257.0
1635.0,36,262.0,2.519230769230769,3.710561761741921,17,644.0,0.1731742023955745,12,231.0,0.24371850463895545,7,302.0,0.27447656386732966,36,1177.0
1640.0,28,177.0,1.669811320754717,4.484516536406492,12,661.0,0.20217980967294158,12,186.0,0.2933886244683253,4,292.0,0.3588837374648511,28,1139.0
1645.0,34,179.0,1.6728971962616823,4.656121896001873,19,731.0,0.19455302582774645,10,197.0,0.3414726800693371,5,210.0,0.32428870443073693,34,1138.0
1650.0,28,131.0,1.201834862385321,3.986847490726799,15,728.0,0.152151556575237,7,209.0,0.3004155252950122,6,184.0,0.2912235197725535,28,1121.0
1655.0,17,68.0,0.6181818181818182,4.3380226956829055,8,622.0,0.18460777782566187,7,186.0,0.28966233964549093,2,186.0,0.29715437637830333,17,994.0
1660.0,21,97.0,0.8584070796460177,4.471872905210888,3,593.0,0.18279451932836274,11,200.0,0.3115890769283414,7,205.0,0.22214560951756573,21,998.0
1665.0,21,102.0,0.9357798165137615,4.143871884610465,7,604.0,0.16383062727616746,9,211.0,0.20280397450109872,5,197.0,0.24428206884271542,21,1012.0
1670.0,26,101.0,0.9619047619047619,3.7281397607970725,9,565.0,0.1675491036482375,11,161.0,0.2277352264128925,6,163.0,0.24726609850575712,26,889.0
1675.0,20,56.0,0.5185185185185185,3.5529753003532667,8,463.0,0.1686972320028231,9,189.0,0.2125084614065275,3,145.0,0.29281802735676565,20,797.0
1680.0,17,50.0,0.43478260869565216,4.1704498710551805,5,417.0,0.19392176410735965,9,205.0,0.23807918490014407,3,141.0,0.25265314968890734,17,763.0
1685.0,20,78.0,0.6724137931034483,3.7460638676811033,8,430.0,0.16583885853364524,6,203.0,0.21943606179302916,6,160.0,0.23589975102051763,20,793.0
1690.0,27,127.0,1.1140350877192982,3.6668941387976726,6,387.0,0.2074650351116909,9,164.0,0.19000148510286827,12,209.0,0.19000352836059659,27,760.0
1695.0,24,114.0,0.991304347826087,3.6166621145712483,6,279.0,0.1998920255892778,7,160.0,0.19162945518140942,11,221.0,0.16718264305832625,24,660.0
1700.0,26,107.0,0.9224137931034483,3.68706184613138,7,294.0,0.17795122914122913,7,179.0,0.27417971604561,12,192.0,0.17078611596370394,26,665.0
1705.0,28,111.0,0.9098360655737705,3.5309038429130233,9,317.0,0.17012009379445367,6,161.0,0.26652238957677904,13,243.0,0.10891835405792973,28,721.0
1710.0,29,118.0,0.9752066115702479,3.576296803988062,11,301.0,0.14210261244100353,6,136.0,0.2114642508635795,12,286.0,0.21277678012339415,29,723.0
1715.0,30,113.0,0.9658119658119658,3.3147088241483047,11,256.0,0.15695268568284593,8,159.0,0.19679801622997675,11,289.0,0.17078029234488448,30,704.0
1720.0,28,105.0,0.9051724137931034,3.6280471260105234,10,288.0,0.13251304278014142,8,172.0,0.260977033277518,10,272.0,0.21267032143442252,28,732.0
1725.0,23,77.0,0.6470588235294118,3.4558833416947876,10,317.0,0.1381454988445166,9,182.0,0.1578338738704819,4,256.0,0.1745282280448467,23,755.0
1730.0,25,87.0,0.7372881355932204,3.4480366634213264,11,306.0,0.14092265207267948,8,163.0,0.1398192579678917,6,264.0,0.2483846786440228,25,733.0
1735.0,21,61.0,0.5446428571428571,3.5061710312287837,9,231.0,0.14400434154167424,7,166.0,0.2624992389267714,5,261.0,0.23378350473205745,21,658.0
1740.0,27,100.0,0.8695652173913043,4.4536182075305195,10,182.0,0.19186994740986069,7,148.0,0.31406024875161187,10,237.0,0.20647972480178794,27,567.0
1745.0,19,73.0,0.6239316239316239,3.7743679859367405,9,206.0,0.17836768812569537,4,140.0,0.22140404426372945,6,256.0,0.1574365008581809,19,602.0
1750.0,24,91.0,0.7711864406779662,4.448342169866828,10,231.0,0.2369323282454871,6,97.0,0.18627589648647302,8,266.0,0.2334199237064554,24,594.0
1755.0,30,190.0,1.6521739130434783,4.8317654065137425,15,270.0,0.2422190545511813,5,94.0,0.29427252804449894,10,296.0,0.2633696343901144,30,660.0
1760.0,32,274.0,2.4684684684684686,4.464744201240475,20,333.0,0.18244016411042135,3,87.0,0.3740885100387069,9,298.0,0.259761725834086,32,718.0
1765.0,37,286.0,2.5535714285714284,4.095851459883361,23,374.0,0.14973991358412014,5,96.0,0.4170095364244097,9,262.0,0.2646582608545164,37,732.0
1770.0,37,213.0,1.868421052631579,3.866343262210692,23,375.0,0.11854737673517933,5,82.0,0.41509438740769755,9,222.0,0.226935003996532,37,679.0
1775.0,31,143.0,1.2016806722689075,3.853076273536453,20,461.0,0.08920427286984647,3,51.0,0.452465713458536,8,247.0,0.17073094081720488,31,759.0
1780.0,41,169.0,1.4083333333333334,3.745503020580265,21,535.0,0.12628820727753107,6,62.0,0.30692469358098823,14,273.0,0.16810614470491972,41,870.0
1785.0,33,154.0,1.3275862068965518,3.683617687360566,17,555.0,0.17827953531091933,6,65.0,0.22852631401271756,10,291.0,0.19429309153121652,33,911.0
1790.0,22,77.0,0.6754385964912281,3.73648439529766,11,473.0,0.14512463052679958,3,62.0,0.33553726693301583,8,249.0,0.2712345121416466,22,784.0
1795.0,16,47.0,0.3949579831932773,4.2022846724468605,7,501.0,0.16957429048498857,4,47.0,0.3258036233412669,5,233.0,0.23866803394874217,16,781.0
1800.0,18,65.0,0.5327868852459017,4.4976430390456095,9,523.0,0.16930652647897806,4,58.0,0.2719167186121236,5,235.0,0.22598849738999535,18,816.0
1805.0,27,111.0,0.9568965517241379,3.6422318663766697,12,514.0,0.13465180439195656,5,62.0,0.2393014754684887,10,258.0,0.17380805219388148,27,834.0
1810.0,31,194.0,1.7168141592920354,4.05165908096919,14,463.0,0.17706118273621677,4,58.0,0.3692650580878914,13,311.0,0.19238251850184057,31,832.0
1815.0,27,168.0,1.4482758620689655,4.274806508561673,14,387.0,0.17008638786492836,1,32.0,0.46906896009846455,12,311.0,0.21657852124353663,27,730.0
1820.0,24,107.0,0.8770491803278688,4.776539968368141,9,404.0,0.19089834907080253,3,30.0,0.525253164179341,12,245.0,0.21286984831333694,24,679.0
1825.0,26,107.0,0.8842975206611571,4.648354588304352,9,388.0,0.1939850330139981,5,41.0,0.36815264584893076,12,207.0,0.2635036820587895,26,636.0
1830.0,25,87.0,0.71900826446281,4.145603565278296,10,369.0,0.2078844280135428,7,57.0,0.2628459590665154,8,236.0,0.24593642980429242,25,662.0
1835.0,28,94.0,0.8034188034188035,3.98712898226313,12,324.0,0.17208149336858522,3,50.0,0.2821735613700791,13,262.0,0.2841282486583931,28,636.0
1840.0,24,108.0,0.9,4.281855756467974,13,273.0,0.17702442315580785,2,42.0,0.44656866314827576,9,276.0,0.19751848388726365,24,591.0
1845.0,25,125.0,1.0330578512396693,4.006930692017291,10,291.0,0.16020049727837432,5,53.0,0.41198157500128907,10,257.0,0.16938786088202584,25,601.0
1850.0,19,78.0,0.639344262295082,4.093086795200855,8,276.0,0.1927128327081927,5,55.0,0.3315852776073202,6,269.0,0.17029237418457988,19,600.0
1855.0,27,136.0,1.1724137931034482,3.9399995967778345,15,291.0,0.20046663359218303,5,51.0,0.22023975032801585,7,269.0,0.16214029949007874,27,611.0
1860.0,28,136.0,1.1724137931034482,3.963419177009246,15,298.0,0.16473079342554603,4,43.0,0.23787846899542517,9,267.0,0.2187424322187584,28,608.0
1865.0,29,116.0,1.0545454545454545,3.6769976502965216,17,245.0,0.12083670870882278,3,43.0,0.45051119168114245,9,233.0,0.2157474304685016,29,521.0
1870.0,25,91.0,0.7647058823529411,4.1629963241321795,14,300.0,0.12549203870001485,4,51.0,0.4738198603590772,7,226.0,0.2341578937163095,25,577.0
1875.0,29,99.0,0.792,4.364013983607952,15,350.0,0.15245998671150313,4,50.0,0.3802275497906912,10,241.0,0.15934465401487535,29,641.0
1880.0,31,135.0,1.125,4.008195312288229,12,361.0,0.14089009603532968,5,43.0,0.274122236172731,14,286.0,0.21471491777420454,31,690.0
1885.0,32,227.0,2.0267857142857144,4.1067630318816075,10,313.0,0.15239822586727933,6,44.0,0.35900930663083425,16,360.0,0.22844897599082553,32,717.0
1890.0,32,283.0,2.5727272727272728,3.2712214183766077,9,341.0,0.1438358033351639,3,42.0,0.32678957715778084,20,454.0,0.14349900166188795,32,837.0
1895.0,38,287.0,2.63302752293578,3.190887966165597,12,374.0,0.12860129415678145,4,35.0,0.29472290953206437,22,488.0,0.09145573101185679,38,897.0
1900.0,39,226.0,2.1320754716981134,2.92759361970676,14,374.0,0.09982570964135701,6,46.0,0.3017187225364398,19,412.0,0.10937689526972166,39,832.0
1905.0,26,177.0,1.6857142857142857,4.3767712176788836,10,314.0,0.16783790669341123,2,45.0,0.5875139947059933,14,363.0,0.15179094861610862,26,722.0
1910.0,26,171.0,1.5688073394495412,5.486439712360732,10,277.0,0.18368756089692778,1,23.0,0.6702806458546648,15,322.0,0.29286449628588684,26,622.0
1915.0,16,69.0,0.6106194690265486,4.665963910915078,7,288.0,0.16151780036324645,2,15.0,0.4557237635908062,7,328.0,0.3111869749920586,16,631.0
1920.0,26,102.0,0.8717948717948718,4.711166058498537,11,319.0,0.12798762052810805,6,29.0,0.2823588060040955,9,340.0,0.3344398979166317,26,688.0
1925.0,28,149.0,1.2956521739130435,4.338642228860446,8,319.0,0.1909591553304878,11,65.0,0.09725320129596081,9,384.0,0.24850618947357384,28,768.0
1930.0,32,189.0,1.75,3.968392267966595,6,261.0,0.24290309086192777,15,131.0,0.19941863189999137,11,384.0,0.18216886123509854,32,776.0
1935.0,33,249.0,2.2636363636363637,3.7628599351532346,6,291.0,0.1987078625936439,16,202.0,0.284819967319149,11,320.0,0.19942209352453147,33,813.0
1940.0,31,205.0,1.7226890756302522,3.876333949947327,10,330.0,0.1346083576869892,12,224.0,0.3023875513160169,9,306.0,0.21564616440411577,31,860.0
1945.0,29,119.0,0.9596774193548387,4.026073910458624,11,328.0,0.16935432226881203,9,196.0,0.2281911410512215,9,338.0,0.2928358691941744,29,862.0
1950.0,26,99.0,0.7674418604651163,4.036230108810962,9,265.0,0.14431567357294658,4,181.0,0.2923115610935541,13,392.0,0.26861952168731684,26,838.0
1955.0,26,101.0,0.8015873015873016,4.154733661253506,7,181.0,0.18289882875040334,6,179.0,0.3011590135091482,13,391.0,0.17350207978588583,26,751.0
1960.0,30,141.0,1.1370967741935485,4.056573746709661,3,186.0,0.18178253822640345,14,225.0,0.26158369065484294,13,336.0,0.14992771626149995,30,747.0
1965.0,29,130.0,1.0483870967741935,3.786632483549957,8,198.0,0.18095212195223115,13,238.0,0.1397098487661792,8,358.0,0.154797433411929,29,794.0
1970.0,32,111.0,0.9173553719008265,3.6172165161012657,10,204.0,0.20373664588622978,10,187.0,0.16517033362269132,12,383.0,0.194753685142794,32,774.0
1975.0,23,100.0,0.819672131147541,4.674755709111396,8,167.0,0.25206964937764864,7,140.0,0.3604222459301986,8,378.0,0.2593109034003157,23,685.0
1980.0,21,90.0,0.7317073170731707,4.388325275952045,8,129.0,0.19942235421370266,4,113.0,0.400528718967837,9,328.0,0.22163200499240138,21,570.0
1985.0,19,63.0,0.4883720930232558,4.206047956487742,5,131.0,0.20684101723418416,6,113.0,0.3112183448968907,8,349.0,0.15617284916663687,19,593.0
1990.0,23,70.0,0.546875,4.098406884887067,8,119.0,0.1993012571467342,5,110.0,0.26251075464362794,10,368.0,0.1379433317197542,23,597.0
1995.0,34,185.0,1.48,4.533665282223618,14,149.0,0.21379851396096647,7,84.0,0.1917379026092534,13,421.0,0.16549958498622735,34,654.0
2000.0,37,286.0,2.5765765765765765,4.105417937776292,20,235.0,0.1699390669502456,5,69.0,0.2526019143653786,12,424.0,0.21833187488272607,37,728.0
2005.0,34,237.0,2.1944444444444446,3.4965036048018483,21,288.0,0.10701467621950013,3,60.0,0.3669757863526831,10,355.0,0.2381767307384603,34,703.0
2010.0,32,171.0,1.5267857142857142,3.7209741585529486,19,296.0,0.11409277333762637,6,57.0,0.3874954765596888,7,343.0,0.19406434271878817,32,696.0
2015.0,38,162.0,1.4086956521739131,3.641755080123586,19,356.0,0.13334095830626622,5,65.0,0.36181699630688596,14,383.0,0.14625187854186408,38,804.0
2020.0,36,201.0,1.763157894736842,3.9289258562006313,18,437.0,0.1536172169264934,3,55.0,0.30268623573623143,15,463.0,0.17189947336060424,36,955.0
2025.0,35,223.0,2.0841121495327104,3.662524457873347,19,528.0,0.14645607955871354,3,59.0,0.3731822839357529,13,464.0,0.22812053918608943,35,1051.0
2030.0,25,122.0,1.150943396226415,3.528249994050193,13,544.0,0.12507289103102745,2,41.0,0.47371916670297637,10,329.0,0.18037625831871557,25,914.0
2035.0,21,88.0,0.8148148148148148,4.310770552437858,11,491.0,0.15493420841680308,4,26.0,0.5210946685601966,6,354.0,0.19120192311979145,21,871.0
2040.0,25,73.0,0.6460176991150443,4.236860176394493,12,506.0,0.1304031319522586,3,24.0,0.5133973982696917,10,382.0,0.14952169068409393,25,912.0
2045.0,29,98.0,0.875,4.144015453374863,15,570.0,0.1653655354860934,3,13.0,0.47821795692997193,11,377.0,0.1805701022246926,29,960.0
2050.0,23,72.0,0.6857142857142857,3.774739317052812,14,585.0,0.1461074669281895,2,13.0,0.4333850025392591,7,308.0,0.24426839280382215,23,906.0
2055.0,20,83.0,0.7757009345794392,4.6555743053922365,7,486.0,0.16636881159540598,7,32.0,0.5080307962714642,6,219.0,0.21955183696389774,20,737.0
2060.0,23,102.0,0.918918918918919,5.066041257669004,10,404.0,0.2026659756820496,7,67.0,0.5227442986440508,6,224.0,0.20367006051742745,23,695.0
2065.0,22,138.0,1.2432432432432432,4.5259291424575085,3,386.0,0.21360917982526828,9,107.0,0.3437344686337769,10,234.0,0.1617823931006596,22,727.0
2070.0,27,105.0,0.9813084112149533,3.9330235661562147,9,394.0,0.21231112992172976,9,115.0,0.17604271486370002,9,233.0,0.1772191092990854,27,742.0
2075.0,23,104.0,1.0097087378640777,4.600854425601233,14,448.0,0.22261689062851908,3,79.0,0.33679894829336665,6,192.0,0.2544039250408536,23,719.0
2080.0,21,102.0,0.9622641509433962,4.600662824353012,15,451.0,0.1731909326363335,2,41.0,0.43043143022280544,4,181.0,0.2959118217968143,21,673.0
2085.0,29,129.0,1.2403846153846154,4.613223095156077,14,402.0,0.1698382368700224,5,46.0,0.47914836633397184,10,211.0,0.3091188366825367,29,659.0
2090.0,28,125.0,1.179245283018868,3.8167510966865237,13,393.0,0.16675164288529498,7,66.0,0.3793598524969721,8,211.0,0.21725012476905994,28,670.0
2095.0,28,158.0,1.462962962962963,4.0391482592221655,15,440.0,0.13785099605629214,8,97.0,0.39020494840603487,5,164.0,0.23237543419861104,28,701.0
2100.0,26,188.0,1.7407407407407407,4.32647550452988,15,442.0,0.16041884581255414,9,139.0,0.3810492479538846,2,93.0,0.27294598493017463,26,674.0
2105.0,17,102.0,0.918918918918919,4.861745647401874,8,361.0,0.18077436464727464,6,124.0,0.4792369654775234,3,62.0,0.33515262875179475,17,547.0
2110.0,10,74.0,0.6324786324786325,5.713057674408034,4,378.0,0.18597147186506718,4,92.0,0.5319909002549582,2,50.0,0.3990667197605141,10,520.0
2115.0,22,151.0,1.2583333333333333,5.560931092269717,11,404.0,0.1424855899913645,7,70.0,0.4219581292269912,4,50.0,0.43059389393924763,22,524.0
2120.0,29,161.0,1.376068376068376,4.505029994830245,16,470.0,0.10303993342263877,9,80.0,0.210420492953149,4,30.0,0.35938275173669915,29,580.0
2125.0,31,163.0,1.4684684684684686,3.8562240227097715,16,478.0,0.11078519523582801,7,75.0,0.15150050487935723,8,47.0,0.3306037322439289,31,600.0
2130.0,38,202.0,1.8198198198198199,4.001800014858757,15,415.0,0.1259327633436997,10,87.0,0.27690385410952634,13,93.0,0.26790981828221117,38,595.0
2135.0,28,140.0,1.25,3.5050126769662455,14,441.0,0.145275733196303,3,97.0,0.3447832103347179,11,128.0,0.18715708787060212,28,666.0
2140.0,32,129.0,1.0932203389830508,4.377839185484585,17,510.0,0.10797110852226872,3,90.0,0.44268421767410365,12,131.0,0.21702039279817614,32,731.0
2145.0,33,126.0,1.0862068965517242,4.314346809012846,16,515.0,0.14139508124923475,8,102.0,0.33450104425692834,9,139.0,0.20706788946243526,33,756.0
2150.0,26,89.0,0.7876106194690266,4.005767837524533,7,444.0,0.14737078526790046,10,119.0,0.18012529467738297,9,161.0,0.24242548809520634,26,724.0
2155.0,26,145.0,1.3679245283018868,4.274828519551735,6,355.0,0.18143691801801956,9,127.0,0.3242590462207006,11,195.0,0.24846217864392678,26,677.0
2160.0,22,118.0,1.1346153846153846,4.21499059147962,5,338.0,0.20808020712540978,7,129.0,0.378948760789289,10,204.0,0.23580590855446587,22,671.0
2165.0,22,141.0,1.330188679245283,4.465274589587771,7,348.0,0.1802059015637879,6,144.0,0.3595121928317826,9,178.0,0.2922326557662588,22,670.0
2170.0,22,150.0,1.3761467889908257,4.008099307839286,9,345.0,0.19053120808407634,7,165.0,0.2409541262552355,6,184.0,0.2978639782836919,22,694.0
2175.0,17,62.0,0.5688073394495413,4.092200080592052,6,268.0,0.2091975788073735,1,144.0,0.20207661938802352,10,211.0,0.2328543400870963,17,623.0
2180.0,27,79.0,0.6991150442477876,3.9538298114439376,10,223.0,0.20535897943881912,4,112.0,0.3129033198217296,13,228.0,0.1447136540965593,27,563.0
2185.0,17,45.0,0.391304347826087,4.370728453048132,6,225.0,0.21930414146990207,3,106.0,0.3699500227557423,8,203.0,0.17955019238263994,17,534.0
2190.0,22,75.0,0.6302521008403361,4.709766135022249,10,240.0,0.2315961354572,7,99.0,0.38178443952392793,5,215.0,0.2390962395238474,22,554.0
2195.0,22,83.0,0.7217391304347827,4.126631087507214,11,240.0,0.18055434432487336,2,75.0,0.17137989536425552,9,234.0,0.23431650676686933,22,549.0
2200.0,26,94.0,0.8703703703703703,4.27979054728145,12,213.0,0.1724546957163459,7,71.0,0.2746987188106851,7,229.0,0.1348340710977754,26,513.0
2205.0,21,59.0,0.59,3.6689047560405466,8,243.0,0.14316770431626263,6,80.0,0.3455607368234191,7,183.0,0.13846264638058164,21,506.0
2210.0,17,66.0,0.6407766990291263,4.44860912501911,10,269.0,0.20401336252644267,3,55.0,0.4046347898908624,4,198.0,0.23850485476001115,17,522.0
2215.0,27,148.0,1.4653465346534653,3.699913662123755,17,333.0,0.09224428100512433,1,40.0,0.3120047604924186,9,230.0,0.20516248506255869,27,603.0
2220.0,27,146.0,1.4747474747474747,2.9189054816117137,17,354.0,0.08242028092425516,4,53.0,0.12561496086688828,6,217.0,0.18131057404143405,27,624.0
2225.0,23,104.0,1.0612244897959184,3.2476700567691235,16,320.0,0.10443960861946858,3,56.0,0.3453515296685994,4,170.0,0.17641205248790132,23,546.0
2230.0,19,80.0,0.8,4.5478452320907055,15,296.0,0.20460233524467356,1,38.0,0.5669512469807265,3,174.0,0.21699093811384554,19,508.0
2235.0,19,78.0,0.7428571428571429,4.565985351078707,10,308.0,0.20746630414548267,1,15.0,0.5140099289773478,8,201.0,0.16691633497038702,19,524.0
2240.0,28,77.0,0.7064220183486238,4.165342081579251,15,359.0,0.16433509123217377,6,28.0,0.3296450383306038,7,199.0,0.16248886997596512,28,586.0
2245.0,26,128.0,1.28,3.9389207174137977,13,426.0,0.16751636440188777,7,53.0,0.32472545423091226,6,153.0,0.23610063614155863,26,632.0
2250.0,23,101.0,0.9711538461538461,4.068599908632062,16,444.0,0.15349033604786658,2,48.0,0.3908160796130009,5,105.0,0.3002705457081429,23,597.0
2255.0,19,73.0,0.6697247706422018,4.8659493993494545,12,408.0,0.1843601825327333,5,49.0,0.44101723030870615,2,98.0,0.2924447171167681,19,555.0
2260.0,18,66.0,0.584070796460177,4.3864629783482325,11,452.0,0.1465551530856418,3,53.0,0.39004531164687667,4,103.0,0.21715906602799645,18,608.0
2265.0,22,75.0,0.7075471698113207,4.295533167286739,15,510.0,0.16355434496852206,2,33.0,0.3161472328855797,5,102.0,0.25332262494445185,22,645.0
2270.0,19,65.0,0.6372549019607843,4.025094356631269,12,511.0,0.09901469278040594,3,26.0,0.4698185895327509,4,70.0,0.3067829766160574,19,607.0
2275.0,19,89.0,0.8811881188118812,4.673865410820473,11,457.0,0.15135929670273204,3,37.0,0.6164280411714769,5,47.0,0.35265875877355035,19,541.0
2280.0,11,22.0,0.20754716981132076,4.319866248756905,9,456.0,0.14113194009989022,0,19.0,0.5552491547754914,2,47.0,0.287116276772907,11,522.0
2285.0,17,55.0,0.48672566371681414,4.3670790403079565,10,475.0,0.1430350667858073,2,21.0,0.3192144504360677,5,54.0,0.27200887199872376,17,550.0
2290.0,24,104.0,0.9541284403669725,4.1832407259886075,10,457.0,0.11837284365102826,5,23.0,0.26205919017059504,9,87.0,0.22719420442670835,24,567.0
2295.0,23,91.0,0.883495145631068,3.5786436913967443,10,384.0,0.15802757737101042,6,40.0,0.20213763845184196,7,101.0,0.177243899197424,23,525.0
2300.0,19,64.0,0.6153846153846154,3.979570543961987,3,373.0,0.1849913785029446,5,49.0,0.37458101017570655,11,103.0,0.20001703449841307,19,525.0
2305.0,20,88.0,0.8148148148148148,4.454490255183635,9,384.0,0.1554149943542853,2,47.0,0.5299621547913175,9,109.0,0.20678119738943798,20,540.0
2310.0,23,121.0,1.09009009009009,4.33385772491476,14,442.0,0.14697957182203975,5,54.0,0.33998068427504935,4,118.0,0.21989191971510463,23,614.0
2315.0,35,216.0,2.0186915887850465,4.086071667622908,21,532.0,0.11990062575373842,5,65.0,0.25346020951841913,9,131.0,0.19777317176467013,35,728.0
2320.0,32,207.0,2.15625,2.9165386047047637,21,554.0,0.12087454704394444,5,55.0,0.1061066233565099,6,147.0,0.21702962401105794,32,756.0
2325.0,27,157.0,1.6020408163265305,3.4588924791545836,20,488.0,0.08974574496291808,2,50.0,0.47476513744124954,5,137.0,0.26261149186659416,27,675.0
2330.0,22,127.0,1.2095238095238094,4.535891918731689,20,392.0,0.13319424669107324,1,31.0,0.5725325826979437,1,140.0,0.2732348848303232,22,563.0
2335.0,27,129.0,1.162162162162162,4.7581900368889185,17,464.0,0.17238168254084696,3,40.0,0.47576174880706035,7,155.0,0.19141170163643983,27,659.0
2340.0,38,201.0,1.8962264150943395,3.803827860484609,17,540.0,0.17890676461267394,11,68.0,0.17230406785025648,10,199.0,0.17667921721552435,38,807.0
2345.0,37,243.0,2.43,3.2207802057168387,14,616.0,0.1719672016464763,14,129.0,0.18140854703723563,9,208.0,0.20541107517972793,37,953.0
2350.0,40,253.0,2.4095238095238094,3.073071939036533,18,619.0,0.12901550383027338,13,172.0,0.19047858652998065,9,193.0,0.25548946614967905,40,984.0
2355.0,34,268.0,2.4814814814814814,4.530636567764511,14,529.0,0.19656663330030813,10,203.0,0.43189128332962445,10,188.0,0.2538310685818803,34,920.0
2360.0,35,348.0,3.1636363636363636,4.5229035000795,13,452.0,0.16668522629314153,12,241.0,0.3694001927354878,10,169.0,0.21763173985294665,35,862.0
2365.0,30,316.0,2.925925925925926,4.6365244271058605,9,490.0,0.16875125633965474,14,302.0,0.33543090798499026,7,178.0,0.24157847472468805,30,970.0
2370.0,29,267.0,2.5428571428571427,4.497978226506516,9,507.0,0.16044264388114304,13,309.0,0.1709038450523955,7,174.0,0.2559623180994259,29,990.0
2375.0,21,137.0,1.4731182795698925,4.168688152053262,7,495.0,0.21751534991007002,8,268.0,0.16277565992391463,6,175.0,0.26892749561541324,21,938.0
2380.0,13,71.0,0.8160919540229885,4.820344833152704,3,410.0,0.24429567412083078,5,195.0,0.4217198813815422,5,156.0,0.2930190700383471,13,761.0
2385.0,11,62.0,0.6813186813186813,5.822446114076165,5,288.0,0.219433425819091,2,142.0,0.5282389977350248,4,128.0,0.42332499945457536,11,558.0
2390.0,9,89.0,0.956989247311828,6.629538119891465,3,208.0,0.2863932158915334,2,87.0,0.565107113049381,4,113.0,0.45673186936888527,9,408.0
2395.0,9,90.0,0.9375,6.108309891029397,2,165.0,0.28035283924578264,3,68.0,0.5159156145656896,4,95.0,0.4671327391149152,9,328.0
2400.0,14,87.0,0.8529411764705882,5.8976735582307676,8,183.0,0.2755149231344555,3,71.0,0.5057951782799625,3,84.0,0.39996080143948043,14,338.0
2405.0,19,128.0,1.292929292929293,5.056406569832367,7,174.0,0.25549071776972865,5,89.0,0.3860959209671184,7,90.0,0.3983543751704969,19,353.0
2410.0,20,93.0,0.9587628865979382,3.882138530725537,5,114.0,0.2576177378591806,4,65.0,0.24851468163495735,11,121.0,0.23129924039333802,20,300.0
2415.0,22,105.0,1.05,4.442843109602102,4,57.0,0.21986289373963144,8,56.0,0.29033069262592953,10,145.0,0.20675647057860888,22,258.0
2420.0,17,58.0,0.5742574257425742,4.600530137285505,3,61.0,0.22151741306793932,7,68.0,0.31839871012486304,7,120.0,0.22022175272884864,17,249.0
2425.0,24,80.0,0.8080808080808081,4.147460875013962,9,75.0,0.2439683549137208,7,73.0,0.22478593545617737,8,127.0,0.27069355352518243,24,275.0
2430.0,26,107.0,1.0490196078431373,4.200133545939759,10,97.0,0.23599303026787602,6,81.0,0.2030100533933783,10,164.0,0.2528736690451304,26,342.0
2435.0,19,103.0,1.0198019801980198,4.543598844223942,9,97.0,0.20174566282166048,4,94.0,0.4217601889155991,6,165.0,0.29752672070805886,19,356.0
2440.0,9,9.0,0.08490566037735849,4.469083081943937,6,108.0,0.19700849181175278,1,62.0,0.47908961838073894,2,108.0,0.2612224373798777,9,278.0
2445.0,16,49.0,0.4375,5.140234313742475,10,135.0,0.1579486649735007,3,52.0,0.4560493202517796,3,61.0,0.2615214334376943,16,248.0
2450.0,14,50.0,0.4716981132075472,4.3975370280255515,8,151.0,0.14942608539065486,4,60.0,0.28915984758721086,2,60.0,0.26169282311007414,14,271.0
2455.0,19,55.0,0.5392156862745098,3.6610943835465717,7,136.0,0.1853160919922285,3,53.0,0.2386065533396153,9,87.0,0.23570196096159313,19,276.0
2460.0,15,70.0,0.6730769230769231,4.5135127553609715,5,105.0,0.23118803479391176,1,34.0,0.43252786709009505,9,106.0,0.23423653620520055,15,245.0
2465.0,13,39.0,0.35135135135135137,4.73278013818866,5,117.0,0.2373037275589749,1,29.0,0.6070144732972085,7,95.0,0.14951036891138705,13,241.0
2470.0,17,76.0,0.672566371681416,5.220975538422394,9,129.0,0.21807161060975624,3,29.0,0.5749297748397469,5,92.0,0.24488249381951888,17,250.0
2475.0,11,29.0,0.25892857142857145,4.426126058786472,9,142.0,0.15858916525384675,1,14.0,0.33877135109073275,1,75.0,0.30575396607161553,11,231.0
2480.0,24,80.0,0.7476635514018691,4.173894436599739,11,143.0,0.1573518732022635,7,30.0,0.29803391269669516,6,81.0,0.1669258793108575,24,254.0
2485.0,19,50.0,0.47619047619047616,3.8268137794964545,8,149.0,0.19243469636388658,4,46.0,0.29408976911760065,7,89.0,0.12153831776826962,19,284.0
2490.0,17,43.0,0.4215686274509804,4.4199297819486505,8,161.0,0.20305806246071323,4,39.0,0.3783558406618152,5,65.0,0.25653341018245246,17,265.0
2495.0,11,40.0,0.39215686274509803,4.606032154182792,10,165.0,0.11928553440313616,1,29.0,0.5112594951191649,0,41.0,0.376872394777197,11,235.0
2500.0,12,31.0,0.28440366972477066,4.779281772129595,9,153.0,0.15953501538654294,2,25.0,0.41035965953825965,1,16.0,0.3446786810212467,12,194.0
2505.0,15,70.0,0.6306306306306306,5.786364071820493,7,119.0,0.19609114154773724,6,45.0,0.4153798312035318,2,6.0,0.40384107797733576,15,170.0
2510.0,14,70.0,0.6194690265486725,4.956008204012415,2,107.0,0.20407569833316644,9,82.0,0.35938799349972145,3,8.0,0.2737484646913491,14,197.0
2515.0,23,92.0,0.8440366972477065,4.473358173051842,7,105.0,0.19290822905247404,8,94.0,0.18186750937701968,8,30.0,0.2339349167587714,23,229.0
2520.0,19,62.0,0.6138613861386139,4.164969862546192,8,118.0,0.15924524180468666,7,83.0,0.23352722777587767,4,40.0,0.2640573427086204,19,241.0
2525.0,14,56.0,0.5894736842105263,4.570738258712916,6,103.0,0.18402833010635128,6,94.0,0.3733128647734902,2,27.0,0.30924688820938123,14,224.0
2530.0,12,36.0,0.36363636363636365,5.321132329193268,6,77.0,0.2251496345063463,2,71.0,0.4186800825541311,4,24.0,0.3536667429021202,12,172.0
2535.0,12,62.0,0.5904761904761905,5.971535551814792,3,72.0,0.2682573293221624,6,79.0,0.32579492566795354,3,24.0,0.44021715425062213,12,175.0
2540.0,9,58.0,0.58,5.518632835695583,4,72.0,0.3223580157457352,4,80.0,0.31519381582740885,1,16.0,0.3117682722336739,9,168.0
2545.0,14,100.0,0.9900990099009901,5.667706349587291,4,89.0,0.4032444788172721,3,63.0,0.25647679797965667,7,28.0,0.32079363848148124,14,180.0
2550.0,18,151.0,1.5729166666666667,5.845560725561724,4,100.0,0.5043300121193877,4,69.0,0.25484094163662824,10,64.0,0.3190742947840019,18,233.0
2555.0,16,75.0,0.8241758241758241,4.371325392696748,1,61.0,0.42094554728063527,8,87.0,0.14216682186365714,7,83.0,0.21221624745803014,16,231.0
2560.0,23,87.0,0.9157894736842105,4.170774263483006,7,30.0,0.25256381982036913,10,108.0,0.16827811001557696,6,70.0,0.2380146648639348,23,208.0
2565.0,20,59.0,0.6145833333333334,4.447441387110325,9,53.0,0.3343164842933347,7,103.0,0.14591874619223535,4,73.0,0.3518918478456762,20,229.0
2570.0,18,62.0,0.6666666666666666,5.093074614151773,7,53.0,0.32652338526287134,7,96.0,0.2623968864564692,4,91.0,0.3130447001611392,18,240.0
2575.0,12,78.0,0.8297872340425532,5.797376552817842,2,42.0,0.4333145261032762,5,91.0,0.26202047351864366,5,94.0,0.30514455376279814,12,227.0
2580.0,11,109.0,1.1473684210526316,6.352439132644108,2,38.0,0.5086641709052923,5,98.0,0.31718262712161677,4,83.0,0.3699090528231832,11,219.0
2585.0,10,151.0,1.5894736842105264,7.1142174976676245,2,34.0,0.5249177880054249,5,111.0,0.4258655687270767,3,71.0,0.4227604038584553,10,216.0
2590.0,12,202.0,2.126315789473684,6.983617159027555,4,48.0,0.5120802194690591,5,130.0,0.48628189236282543,3,83.0,0.3494900903631353,12,261.0
2595.0,10,52.0,0.5252525252525253,6.449181716644839,4,16.0,0.42527236677589675,1,83.0,0.5307063793952684,5,90.0,0.2941320698377828,10,189.0
2600.0,21,125.0,1.2254901960784315,6.309583506385514,7,28.0,0.358497175799564,8,27.0,0.37349798265294204,6,90.0,0.29758040334280456,21,145.0
2605.0,26,165.0,1.6666666666666667,4.656136552298458,9,57.0,0.16547103627219648,9,52.0,0.23224453439975176,8,116.0,0.23311092461773383,26,225.0
2610.0,20,194.0,2.1797752808988764,5.23686123288358,5,66.0,0.3311154290372348,6,67.0,0.28584629184001975,9,156.0,0.29663643777093784,20,289.0
2615.0,13,132.0,1.4505494505494505,6.117504487715192,2,49.0,0.4465700069927761,6,67.0,0.2953179562516891,5,144.0,0.3744595915307631,13,260.0
2620.0,10,19.0,0.20430107526881722,6.051619858744158,4,47.0,0.40073334814208367,2,60.0,0.2769348511976775,4,97.0,0.40901320376242384,10,204.0
2625.0,22,79.0,0.8494623655913979,5.5976084308809995,9,64.0,0.25106331927592856,8,69.0,0.25752999943215493,5,83.0,0.3474903933464924,22,216.0
2630.0,21,79.0,0.9518072289156626,4.255990724398673,8,86.0,0.22279161681083207,8,90.0,0.21893655344068005,5,94.0,0.25431670660428213,21,270.0
2635.0,13,54.0,0.6506024096385542,5.331249252654574,4,68.0,0.26450182671845185,5,82.0,0.31065819729613886,4,101.0,0.34883044733503815,13,251.0
2640.0,9,48.0,0.5714285714285714,7.021707530536767,3,46.0,0.47330892789572826,4,57.0,0.35374440278169683,2,84.0,0.5266798860739031,9,187.0
2645.0,9,26.0,0.3058823529411765,5.954537944674608,2,36.0,0.39601072148719757,2,50.0,0.2689977534267254,5,43.0,0.43780564381565024,9,129.0
2650.0,18,70.0,0.8641975308641975,5.332086382721368,7,52.0,0.2651362619632247,6,67.0,0.2265911701602304,5,47.0,0.38185291677139166,18,166.0
2655.0,15,53.0,0.6883116883116883,4.548827719030971,6,68.0,0.2198821621517609,6,79.0,0.23126236573906794,3,46.0,0.3630699821179667,15,193.0
2660.0,7,19.0,0.2345679012345679,5.972392930935443,3,49.0,0.3930928116024889,2,53.0,0.2867330044842088,2,35.0,0.4996012600253207,7,137.0
2665.0,6,21.0,0.25,7.315690496420045,4,26.0,0.480331354753717,0,30.0,0.37752304696942457,2,25.0,0.6097770772976094,6,81.0
2670.0,8,48.0,0.5647058823529412,7.580755317679219,5,31.0,0.5418294810462948,1,11.0,0.36562176711396127,2,29.0,0.630146703625167,8,71.0
2675.0,9,51.0,0.5862068965517241,6.9052350792063715,3,31.0,0.438008172558446,1,8.0,0.4066527730132725,5,41.0,0.5297919062820595,9,80.0
2680.0,11,38.0,0.4318181818181818,6.837081406490418,7,37.0,0.3508653555795445,1,10.0,0.5462391793732421,3,44.0,0.450448881375007,11,91.0
2685.0,17,70.0,0.7865168539325843,5.803613546532025,7,50.0,0.25515874059141275,2,15.0,0.5601847049227867,8,46.0,0.31472169637677183,17,111.0
2690.0,19,71.0,0.8255813953488372,5.346008512886336,4,39.0,0.34077818079318156,5,35.0,0.48226350673578167,10,77.0,0.2618134158578342,19,151.0
2695.0,15,62.0,0.7045454545454546,5.962444247451285,3,29.0,0.35751943599056957,2,25.0,0.5330375538191027,10,88.0,0.24659529826086912,15,142.0
2700.0,20,133.0,1.4456521739130435,6.83765434293421,3,37.0,0.45541358020455686,5,26.0,0.5049007809326507,12,121.0,0.24790678359933743,20,184.0
2705.0,13,94.0,1.0561797752808988,6.37046858151065,5,52.0,0.41874786741103964,4,34.0,0.45095544002534654,4,118.0,0.28226647149191336,13,204.0
2710.0,13,36.0,0.4090909090909091,5.94682299910479,2,41.0,0.3904453751278393,3,27.0,0.27620310345468396,8,105.0,0.32705623598026073,13,173.0
2715.0,16,57.0,0.6785714285714286,5.690806896005052,5,33.0,0.3692160733128593,2,24.0,0.30044484409154826,9,132.0,0.267272827760123,16,189.0
2720.0,13,42.0,0.5185185185185185,5.377623452949599,5,47.0,0.2887759800731786,1,22.0,0.5982152079902159,7,130.0,0.24029440549622602,13,199.0
2725.0,14,32.0,0.3764705882352941,5.090833129382358,6,48.0,0.28844716939456033,3,17.0,0.4320700205998655,5,136.0,0.23458972728239885,14,201.0
2730.0,21,73.0,0.8295454545454546,4.813019482151774,2,50.0,0.27855217248171504,8,43.0,0.2789591159193708,11,136.0,0.23062426782083698,21,229.0
2735.0,22,88.0,1.0476190476190477,4.325549160947207,5,55.0,0.2685695739598992,5,57.0,0.17553481436999296,12,164.0,0.14098016271854966,22,276.0
2740.0,15,58.0,0.6904761904761905,5.125021854667511,4,67.0,0.3210688102592889,1,40.0,0.4031888606057696,10,162.0,0.20215436920376964,15,269.0
2745.0,11,55.0,0.6707317073170732,7.103254374468111,2,47.0,0.45969183524931284,2,21.0,0.678549044058095,7,136.0,0.275481856859418,11,204.0
2750.0,9,52.0,0.6341463414634146,7.17583921847188,2,25.0,0.4242598650748958,2,13.0,0.7119852898600322,5,119.0,0.28594629896309676,9,157.0
2755.0,6,25.0,0.2976190476190476,7.08179763815119,1,14.0,0.44280494561016687,4,26.0,0.534150901896435,1,100.0,0.3355018136553229,6,140.0
2760.0,13,53.0,0.6463414634146342,6.845950336858783,3,24.0,0.5003105532694736,3,31.0,0.3719310513978445,7,84.0,0.3213483967956377,13,139.0
2765.0,13,62.0,0.7654320987654321,6.852694832783084,5,43.0,0.596348661943555,2,22.0,0.42136487009926155,6,92.0,0.2816535886282054,13,157.0
2770.0,7,9.0,0.12162162162162163,6.06047457892457,1,22.0,0.5087739109643231,1,20.0,0.45039239539265263,5,65.0,0.2279726580685089,7,107.0
2775.0,13,54.0,0.7397260273972602,6.454791228200639,5,19.0,0.37466525964800795,6,41.0,0.3570418559709566,2,33.0,0.27425286597541054,13,93.0
2780.0,12,53.0,0.7571428571428571,5.44798834011304,3,31.0,0.1946330797782621,6,57.0,0.2472626221256075,3,29.0,0.39726902668420455,12,117.0
2785.0,8,52.0,0.7323943661971831,7.3741992779151655,2,24.0,0.38921293196635937,3,44.0,0.36205650515817633,3,42.0,0.6551506330415475,8,110.0
2790.0,7,32.0,0.4266666666666667,7.400896828991131,3,23.0,0.6193429892023612,2,22.0,0.34527089012689716,2,24.0,0.48125787337973025,7,69.0
2795.0,15,64.0,0.8205128205128205,6.823386349989938,4,37.0,0.5669085837954632,3,16.0,0.320026874725925,8,29.0,0.3932013386925081,15,82.0
2800.0,16,100.0,1.3157894736842106,6.415601534035966,4,54.0,0.5612044752787297,6,36.0,0.24489526541221984,6,53.0,0.3113855205831767,16,143.0
2805.0,11,31.0,0.4189189189189189,5.532643491712198,1,23.0,0.45351943346735096,6,53.0,0.3229649668328231,4,46.0,0.22425716850356717,11,122.0
2810.0,13,37.0,0.5138888888888888,5.716869200244454,5,22.0,0.44799582052902903,3,40.0,0.32654470488734333,5,64.0,0.2743668095561656,13,126.0
2815.0,15,55.0,0.7638888888888888,5.35926577268332,1,26.0,0.4465591241351187,4,51.0,0.2295016111028882,10,89.0,0.26142919720735436,15,166.0
2820.0,17,74.0,1.121212121212121,5.558530090549846,1,7.0,0.5529688003360507,6,73.0,0.3836027323087783,10,109.0,0.19987952154296643,17,189.0
2825.0,18,87.0,1.2985074626865671,5.679914727417332,2,2.0,0.35971110070417905,10,114.0,0.3376407223696324,6,86.0,0.27316760834785436,18,202.0
2830.0,14,79.0,1.1791044776119404,6.525099293518945,4,14.0,0.38287816124573126,8,126.0,0.32007488025678865,2,55.0,0.4199820555869897,14,195.0
2835.0,9,39.0,0.6290322580645161,6.948494827936002,1,15.0,0.5556870328302477,7,122.0,0.3221891558663806,1,40.0,0.5956562998387632,9,177.0
2840.0,6,30.0,0.4838709677419355,7.675802573902864,1,5.0,0.6633375019595085,3,113.0,0.31973033517184074,2,28.0,0.643917457637139,6,146.0
2845.0,5,19.0,0.296875,8.004268080681655,1,10.0,0.7938299888001213,4,91.0,0.34047881978461103,0,12.0,0.594290084732112,5,113.0
2850.0,8,37.0,0.578125,7.944999017419519,2,15.0,0.7659837898461841,2,75.0,0.49082948853862846,4,21.0,0.29778370263126713,8,111.0
2855.0,8,54.0,0.9310344827586207,7.8430092879190365,3,25.0,0.6654308399706531,2,67.0,0.6159865757252413,3,29.0,0.2798637006520323,8,121.0
2860.0,4,68.0,1.1929824561403508,8.947991928136144,2,35.0,0.7295185132625733,2,58.0,0.668831335514551,0,12.0,0.4455230176601917,4,105.0
2865.0,6,8.0,0.13114754098360656,8.106634317839704,4,19.0,0.48960085659974567,2,45.0,0.535176792286325,0,1.0,0.6831227880267686,6,65.0
2870.0,14,53.0,0.8412698412698413,7.680197718820108,5,23.0,0.465357195615948,8,55.0,0.3683078795363262,1,0.0,0.7463060387685737,14,78.0
2875.0,11,45.0,0.7627118644067796,5.896643251571334,3,33.0,0.3734597682134065,7,76.0,0.1710753457835339,1,1.0,0.6514528417014452,11,110.0
2880.0,11,28.0,0.4745762711864407,6.071291592228666,3,31.0,0.5214260384891297,3,64.0,0.2696273903999368,5,17.0,0.4140288205360936,11,112.0
2885.0,6,25.0,0.423728813559322,7.394580335904714,2,22.0,0.6871630159210493,1,35.0,0.4621130671097146,3,27.0,0.4183521373716799,6,84.0
2890.0,3,28.0,0.45901639344262296,9.032269565231829,2,29.0,0.7115056655975183,0,18.0,0.5959581477144734,1,11.0,0.5946473436556666,3,58.0
2895.0,4,46.0,0.7540983606557377,9.58612679374508,2,37.0,0.6856246251999543,1,10.0,0.6873523452145688,1,6.0,0.6525781123101511,4,53.0
2900.0,6,66.0,1.03125,9.443638681614042,2,47.0,0.7084029236248979,1,13.0,0.6866723738484489,3,11.0,0.5969308045020045,6,71.0
2905.0,5,72.0,1.0909090909090908,8.81061210188008,3,58.0,0.5723151677118121,1,15.0,0.7037067951692534,1,1.0,0.5658200171223694,5,74.0
2910.0,9,22.0,0.3235294117647059,7.278700024887664,1,8.0,0.5294776560284478,3,5.0,0.37230560740501123,5,18.0,0.38598498360704536,9,31.0
2915.0,12,50.0,0.7936507936507936,6.705063946290746,3,12.0,0.40332192017261315,6,30.0,0.32833097678064715,3,30.0,0.3604758096343888,12,72.0
2920.0,9,25.0,0.43859649122807015,5.85814715391422,3,15.0,0.2345220982638562,4,44.0,0.28355100982498177,2,14.0,0.41850976568895876,9,73.0
2925.0,4,18.0,0.34615384615384615,8.678199644971025,1,15.0,0.48632589239552254,2,35.0,0.5691279233635703,1,9.0,0.655138215154541,4,59.0
2930.0,7,19.0,0.3333333333333333,8.01951628276148,1,13.0,0.6268311751463512,3,35.0,0.4811151568640568,3,6.0,0.4816816598445985,7,54.0
2935.0,13,64.0,1.0847457627118644,7.668845841076805,2,17.0,0.713179709711778,6,58.0,0.2738060936651325,5,22.0,0.4957194073662723,13,97.0
2940.0,14,86.0,1.5636363636363637,6.224617686187533,2,21.0,0.5953072719892957,6,71.0,0.15282269977811505,6,45.0,0.40173901413589236,14,137.0
2945.0,7,19.0,0.35185185185185186,6.450917115857586,1,3.0,0.6607547109801518,2,50.0,0.31323715311210837,4,47.0,0.28309771961593755,7,100.0
2950.0,6,15.0,0.2777777777777778,8.782819585455458,4,13.0,0.5526850723358582,0,24.0,0.6878755717112996,2,20.0,0.5826842029304823,6,57.0
2955.0,2,11.0,0.21153846153846154,10.268376858260115,1,11.0,0.6890122920882749,0,7.0,0.8597086472422372,1,10.0,0.6668307100458085,2,28.0
2960.0,4,20.0,0.3508771929824561,10.124218505267468,2,1.0,0.6337502329662951,0,2.0,0.8178936882707192,2,19.0,0.6906661003273136,4,22.0
2965.0,3,29.0,0.48333333333333334,9.781465882624532,0,0.0,0.5645174620655249,1,2.0,0.7661581488567942,2,29.0,0.6629368341028284,3,31.0
2970.0,9,25.0,0.4032258064516129,8.008706103739106,6,19.0,0.36103378251642443,1,2.0,0.7256572039558354,2,17.0,0.5356279934004556,9,38.0
2975.0,14,50.0,0.8333333333333334,7.1253398954783504,6,43.0,0.43862823254280053,2,8.0,0.4421857144632981,6,23.0,0.34198932920776887,14,74.0
2980.0,5,9.0,0.16363636363636364,6.4610418861858845,2,31.0,0.31273783129304417,1,9.0,0.4768489325578489,2,30.0,0.480393087521977,5,70.0
2985.0,4,18.0,0.34615384615384615,7.466573839107152,1,14.0,0.360625413869293,3,17.0,0.5626151361454137,0,9.0,0.4753693958590812,4,40.0
2990.0,7,42.0,0.7368421052631579,9.50686988536217,2,10.0,0.512924459646147,3,32.0,0.6316309345201072,2,6.0,0.6029820186911354,7,48.0
2995.0,1,15.0,0.2727272727272727,10.105936311824536,1,15.0,0.7003766670191005,0,14.0,0.7244214967612166,0,0.0,0.5196842560028883,1,29.0
3000.0,4,10.0,0.19607843137254902,9.459854924968381,1,3.0,0.6076242183632744,1,1.0,0.5739146054566957,2,10.0,0.6610424962615187,4,14.0
3005.0,7,19.0,0.40425531914893614,6.897345758824327,5,19.0,0.37209125396023957,2,5.0,0.33773590721033014,0,8.0,0.5786123164424098,7,32.0
3010.0,8,26.0,0.5416666666666666,6.705602545307914,1,23.0,0.5168981884298453,6,26.0,0.24135225391293832,1,0.0,0.5230164452406745,8,49.0
3015.0,6,14.0,0.30434782608695654,7.93818732505009,1,2.0,0.48067205705782157,4,44.0,0.5044257125418864,1,0.0,0.6725772339237861,6,46.0
3020.0,1,3.0,0.06382978723404255,9.74026906235476,1,5.0,0.6865362920865646,0,23.0,0.5999355919298104,0,2.0,0.7643662182212092,1,30.0
3025.0,4,19.0,0.37254901960784315,9.814286677999927,1,10.0,0.698598672148061,2,12.0,0.5206415011229806,1,5.0,0.7780905993693543,4,27.0
3030.0,4,31.0,0.6458333333333334,10.100840718796022,2,15.0,0.7652151803223018,2,18.0,0.6497195611358854,0,2.0,0.7423852513129806,4,35.0
3035.0,6,11.0,0.21568627450980393,7.4231012007273085,1,4.0,0.6062050642433797,2,3.0,0.3102293041536314,3,8.0,0.505478558014766,6,15.0
3040.0,13,49.0,1.0208333333333333,5.311517797747508,6,24.0,0.19846025047021723,5,25.0,0.25984513783405133,2,11.0,0.39676272245565114,13,60.0
3045.0,7,18.0,0.375,5.71319424757954,5,40.0,0.17690477015762116,1,25.0,0.4412967354435657,1,2.0,0.42034715474069917,7,67.0
3050.0,3,5.0,0.10204081632653061,9.220535011588199,2,33.0,0.4570479081738488,1,6.0,0.7057579941029661,0,2.0,0.7019377774705015,3,41.0
3055.0,2,3.0,0.05660377358490566,9.418421242002383,0,14.0,0.6798570831687141,0,4.0,0.7441772682522972,2,5.0,0.5080560201796085,2,23.0
3060.0,6,26.0,0.45614035087719296,8.888499333800818,0,2.0,0.7357479812241835,0,4.0,0.7376077997165632,6,28.0,0.34264144498791943,6,34.0
3065.0,7,19.0,0.3584905660377358,7.054197639436332,1,0.0,0.6406015641084356,0,1.0,0.3846981463222059,6,48.0,0.2489901186041241,7,49.0
3070.0,2,9.0,0.1875,8.55915957161009,0,1.0,0.8484463352326137,1,6.0,0.6572508333391632,1,40.0,0.3805035375399239,2,47.0
3075.0,3,24.0,0.5,9.477673901537512,0,1.0,0.7106682443433887,1,11.0,0.784242150959307,2,26.0,0.49636749704983896,3,38.0
3080.0,7,47.0,0.9791666666666666,9.799190702461525,1,4.0,0.7223919454128745,2,16.0,0.7256736823279328,4,30.0,0.5801387770963707,7,50.0
3085.0,5,29.0,0.5471698113207547,8.849294325836743,1,8.0,0.6604136442164132,2,19.0,0.682366270872996,2,10.0,0.46164257906736045,5,37.0
3090.0,9,37.0,0.6851851851851852,8.280374939242812,2,13.0,0.6331249170208378,1,1.0,0.5684591842799095,6,23.0,0.46252773622702165,9,37.0
3095.0,9,43.0,0.8113207547169812,7.2420928025808635,1,18.0,0.6848923341553488,4,16.0,0.31920199626881757,4,35.0,0.381391675388539,9,69.0
3100.0,7,17.0,0.3148148148148148,6.491579795807792,1,1.0,0.4272880042933519,4,25.0,0.3835098703224118,2,18.0,0.35519490854981417,7,44.0
3105.0,9,20.0,0.3508771929824561,6.715766735863671,6,20.0,0.44700602097446784,0,13.0,0.5409211986834757,3,21.0,0.37660659587450745,9,54.0
3110.0,10,36.0,0.6,7.173185862655261,2,24.0,0.4908435245665972,1,6.0,0.5628507411164364,7,39.0,0.4418201353142102,10,69.0
3115.0,7,25.0,0.4166666666666667,7.041089641748745,2,10.0,0.5845940418222989,0,4.0,0.5839645821872277,5,50.0,0.3559107230338459,7,64.0
3120.0,10,44.0,0.7333333333333333,8.13517920731857,2,14.0,0.6133338550351383,4,18.0,0.5991879805861882,4,41.0,0.3255290965827588,10,73.0
3125.0,7,26.0,0.41935483870967744,7.046051568977637,2,8.0,0.3664817157650635,2,23.0,0.6425801496795354,3,51.0,0.2596306057438099,7,82.0
3130.0,16,61.0,1.0,6.97638441753,8,29.0,0.3693006008720467,1,15.0,0.6215661654491529,7,60.0,0.34243912090666545,16,104.0
3135.0,12,48.0,0.7741935483870968,6.677399416351562,3,41.0,0.41973875734273086,1,12.0,0.6116386941719185,8,76.0,0.3367599383732453,12,129.0
3140.0,6,21.0,0.3559322033898305,6.614839609796829,1,20.0,0.48059867190614347,1,7.0,0.6181277020919912,4,66.0,0.3388326564423195,6,93.0
3145.0,7,22.0,0.3548387096774194,7.345949597791668,0,3.0,0.6452716938248808,2,17.0,0.7633228470735872,5,67.0,0.23335273408140628,7,87.0
3150.0,12,42.0,0.65625,7.100721242056974,2,0.0,0.58791196975121,1,13.0,0.7311114778978476,9,79.0,0.1809685614153633,12,92.0
3155.0,14,53.0,0.8412698412698413,7.169343823890264,2,6.0,0.7382654434208323,1,6.0,0.7053805185704957,11,103.0,0.2056345652837525,14,115.0
3160.0,11,52.0,0.8387096774193549,7.4635263083155685,1,11.0,0.7717388821828803,2,15.0,0.6903377086570042,8,99.0,0.29647967157631044,11,125.0
3165.0,9,66.0,1.03125,7.56226604674393,2,17.0,0.5884075514262284,3,27.0,0.6542137248479653,4,73.0,0.3323607764450932,9,117.0
3170.0,5,62.0,1.0,7.7991779092627285,2,27.0,0.64267638751556,1,21.0,0.5804027600837809,2,61.0,0.4104846337201973,5,109.0
3175.0,10,98.0,1.5555555555555556,7.897316434307338,3,37.0,0.40120368470094264,4,19.0,0.47297834335135064,3,55.0,0.5307409366409002,10,111.0
3180.0,9,121.0,1.9516129032258065,7.463333788296182,2,47.0,0.4668930915025869,4,32.0,0.3684212845299034,3,63.0,0.5645841824341808,9,142.0
3185.0,6,143.0,2.3442622950819674,8.394417193456736,2,59.0,0.6415512998837823,1,26.0,0.4045444394094031,3,80.0,0.6345283042242377,6,165.0
3190.0,7,173.0,3.0350877192982457,8.681106074847724,3,69.0,0.6572297254908632,1,23.0,0.4698764551765911,3,95.0,0.6625000100050061,7,187.0
3195.0,1,3.0,0.05454545454545454,7.555532118101441,0,4.0,0.6678397172831873,1,9.0,0.2937207148490964,0,64.0,0.6369356844808585,1,77.0
3200.0,13,41.0,0.7592592592592593,5.89884323076967,4,12.0,0.445941312284461,7,31.0,0.19277298181165847,2,8.0,0.1935443355268145,13,51.0
3205.0,9,26.0,0.5306122448979592,4.431582696561334,3,15.0,0.3386454144864202,6,51.0,0.09160492057937297,0,9.0,0.24932310247274045,9,75.0
3210.0,3,3.0,0.06382978723404255,7.671256949987213,0,5.0,0.6086333154362347,2,44.0,0.38717127316248656,1,2.0,0.6090879978954855,3,51.0
3215.0,1,4.0,0.0784313725490196,10.126499137300765,0,2.0,0.8167848591992829,0,17.0,0.570927651978139,1,6.0,0.6781624857060797,1,25.0
3220.0,4,14.0,0.2641509433962264,9.876153280316986,2,3.0,0.635446263759861,0,5.0,0.6832603399325506,2,15.0,0.678160677440746,4,23.0
3225.0,5,14.0,0.25925925925925924,8.479780712623617,4,16.0,0.47597680234787665,0,2.0,0.6977145456528151,1,3.0,0.6170325314434265,5,21.0
3230.0,6,13.0,0.23636363636363636,7.575545230362409,4,27.0,0.3697607569275893,1,6.0,0.744680891326818,1,0.0,0.5891985269228671,6,33.0
3235.0,1,2.0,0.03571428571428571,8.59743297547936,0,14.0,0.42631077242545656,1,6.0,0.71849674729148,0,0.0,0.6297968288077211,1,20.0
3240.0,2,12.0,0.2033898305084746,8.719953229932615,0,2.0,0.35631779387040297,2,16.0,0.6464832728656329,0,0.0,0.6993135233071407,2,18.0
3245.0,4,8.0,0.14285714285714285,9.608249413390228,3,6.0,0.47721028672427673,0,6.0,0.710177031646041,1,2.0,0.6227301449690028,4,14.0
3250.0,4,16.0,0.2962962962962963,10.096047465020533,3,18.0,0.633642558525693,0,0.0,0.7505145230241094,1,2.0,0.5280449720336169,4,20.0
3255.0,7,42.0,0.84,10.269522598872072,2,28.0,0.7194527985462148,1,4.0,0.7864272057892333,4,14.0,0.5136585568413473,7,46.0
3260.0,3,13.0,0.2653061224489796,9.833174704256605,1,4.0,0.675663028113672,2,11.0,0.6235589354732134,0,15.0,0.6829621681656961,3,30.0
3265.0,8,37.0,0.7872340425531915,8.323286290453586,5,18.0,0.408552467595066,2,21.0,0.6024717646864868,1,0.0,0.6059814883012516,8,39.0
3270.0,5,13.0,0.29545454545454547,7.142612780476447,4,30.0,0.21678496027258892,1,11.0,0.4019717129030711,0,0.0,0.667583590898241,5,41.0
3275.0,5,15.0,0.32608695652173914,8.501695921271846,2,22.0,0.37626144113012844,3,16.0,0.596737801202079,0,0.0,0.647442878947019,5,38.0
3280.0,5,8.0,0.16666666666666666,8.867176220258337,3,26.0,0.4123690372085933,0,17.0,0.6987255798317822,2,4.0,0.6435531537269572,5,47.0
3285.0,8,31.0,0.6326530612244898,9.134048605167225,6,44.0,0.4241400410463842,0,2.0,0.8597645543437938,2,11.0,0.6903027543792053,8,57.0
3290.0,8,70.0,1.5555555555555556,9.347617160324805,7,78.0,0.44222477955655504,0,0.0,0.9001403687073727,1,16.0,0.8036144075009068,8,94.0
3295.0,12,115.0,2.6136363636363638,8.018035764138174,11,118.0,0.2889469518491215,0,0.0,0.8835577946540052,1,19.0,0.7571217065826118,12,137.0
3300.0,9,90.0,2.0930232558139537,8.030793549363969,8,128.0,0.32053104108067687,0,0.0,0.821446434023884,1,24.0,0.803933435754126,9,152.0
3305.0,2,35.0,0.7608695652173914,8.957654445856232,1,68.0,0.5203889847846496,0,2.0,0.7799950279700677,1,29.0,0.5102213854663625,2,99.0
3310.0,4,12.0,0.23076923076923078,9.69394025937048,2,31.0,0.5843883750127734,1,3.0,0.7437379850925571,1,0.0,0.6118859566632082,4,34.0
3315.0,4,22.0,0.44,9.46164584145354,1,16.0,0.7001291549002178,0,2.0,0.6208895834280547,3,6.0,0.4773165363008891,4,24.0
3320.0,5,11.0,0.23404255319148937,8.032981187676835,2,3.0,0.38863797838023484,3,10.0,0.5001906229881871,0,0.0,0.7241287748138143,5,13.0
3325.0,9,32.0,0.7804878048780488,6.657976838483866,8,32.0,0.15326882945650971,0,13.0,0.45609476790756515,1,0.0,0.7162914357017822,9,45.0
3330.0,5,22.0,0.5789473684210527,7.672345617416847,5,54.0,0.28268571309302615,0,2.0,0.6360423832269168,0,1.0,0.8446474425024326,5,57.0
3335.0,0,0.0,0.0,9.97763831130823,0,28.0,0.5596766345038655,0,4.0,0.8098541459801368,0,1.0,0.8068266991767685,0,33.0
3340.0,2,1.0,0.022727272727272728,10.37341727343153,0,0.0,0.8048070006471177,0,2.0,0.8920794652803337,2,2.0,0.6288848701162385,2,4.0
3345.0,4,12.0,0.2608695652173913,9.935288037134093,1,1.0,0.7648241105182408,0,0.0,0.838965729754763,3,12.0,0.5860643947855269,4,13.0
3350.0,6,17.0,0.34,7.960579192938919,1,6.0,0.7326727799457938,3,6.0,0.5524326027243156,2,17.0,0.47246436365663047,6,29.0
3355.0,4,15.0,0.29411764705882354,8.53229720482867,1,11.0,0.7799321056376503,1,3.0,0.6505523996271804,2,10.0,0.4777424357280136,4,24.0
3360.0,5,38.0,0.7450980392156863,9.486602044155008,1,16.0,0.6896957974016674,3,16.0,0.5943383028002956,1,8.0,0.603218285023045,5,40.0
3365.0,4,18.0,0.33962264150943394,9.051591717381584,1,0.0,0.4878057268619165,1,22.0,0.7253968338424605,2,13.0,0.6211938045784025,4,35.0
3370.0,7,33.0,0.6226415094339622,8.811751754408375,6,15.0,0.4354558139168469,0,0.0,0.7090091622939635,1,18.0,0.6752675524610253,7,33.0
3375.0,7,63.0,1.2352941176470589,8.962944059979412,5,38.0,0.48251360664085596,1,2.0,0.7130914058140221,1,23.0,0.7137244128413308,7,63.0
3380.0,3,11.0,0.2391304347826087,8.304041319635074,2,32.0,0.5020006404497521,1,7.0,0.7291605059160441,0,0.0,0.7302257871609261,3,39.0
3385.0,6,13.0,0.2708333333333333,7.629124004972229,1,8.0,0.5159104076645157,1,3.0,0.6749478116531991,4,9.0,0.4050337144387203,6,20.0
3390.0,6,27.0,0.574468085106383,7.196123926324493,2,12.0,0.54460433363657,2,13.0,0.42847086348994606,2,15.0,0.38862115244652873,6,40.0
3395.0,6,28.0,0.5490196078431373,8.50306457231969,3,22.0,0.5279887990083597,2,20.0,0.5723263663727942,1,4.0,0.4780808732382474,6,46.0
3400.0,2,32.0,0.6274509803921569,10.177695607984088,2,34.0,0.7029980678925348,0,11.0,0.6836744134240297,0,0.0,0.7277926643054847,2,45.0
3405.0,4,5.0,0.09803921568627451,9.055239119998378,1,20.0,0.5799126619642755,2,15.0,0.583347450697669,1,0.0,0.7263215680719473,4,35.0
3410.0,10,38.0,0.7450980392156863,7.757971678032455,2,10.0,0.5190004227611671,7,38.0,0.30744417581676164,1,3.0,0.6869281208660505,10,51.0
3415.0,8,28.0,0.5714285714285714,7.178008437483024,2,9.0,0.4372072181020241,5,50.0,0.2666239976899448,1,8.0,0.7454607143303442,8,67.0
3420.0,2,6.0,0.13333333333333333,8.194786294829353,0,3.0,0.708728774104175,2,39.0,0.41152107033166796,0,2.0,0.5974967929547724,2,44.0
3425.0,4,17.0,0.3695652173913043,8.455702796887186,1,7.0,0.6220888151799138,1,21.0,0.42522943985901146,2,12.0,0.6197851221509894,4,40.0
3430.0,6,28.0,0.5957446808510638,8.489158037503511,4,23.0,0.6219745674474246,1,15.0,0.5350355953221291,1,5.0,0.6079439233272996,6,43.0
3435.0,7,22.0,0.43137254901960786,8.762314302046976,4,25.0,0.5003122896139965,2,15.0,0.6656928569811864,1,0.0,0.6972205130440898,7,40.0
3440.0,4,7.0,0.12727272727272726,9.207133561634267,2,15.0,0.5387987129545921,2,8.0,0.5944075870200096,0,0.0,0.8055776362431261,4,23.0
3445.0,7,26.0,0.4406779661016949,9.4942608710191,2,8.0,0.5998828928858779,3,21.0,0.5652456065262358,2,1.0,0.6142159661309573,7,30.0
3450.0,8,35.0,0.6140350877192983,8.72658545671952,2,16.0,0.5613488381341996,2,25.0,0.5778474452848634,4,14.0,0.40579715458739224,8,55.0
3455.0,5,33.0,0.6346153846153846,8.752545841705965,3,31.0,0.5831933739081944,0,8.0,0.6493854412344098,2,20.0,0.4038984069404045,5,59.0
3460.0,1,0.0,0.0,9.114643422200167,1,8.0,0.6692148377440618,0,2.0,0.6936584594977036,0,6.0,0.5089232031394525,1,16.0
3465.0,6,9.0,0.17647058823529413,10.16308067337098,2,7.0,0.6854456035137394,2,6.0,0.7262891626318339,2,0.0,0.6245374569907455,6,13.0
3470.0,2,3.0,0.06382978723404255,9.008396488936366,0,5.0,0.5637739098583441,1,5.0,0.5989680815849563,1,0.0,0.7158077423569406,2,10.0
3475.0,7,23.0,0.4791666666666667,8.759205935918734,2,3.0,0.5572776561675917,5,24.0,0.46439573979607107,0,0.0,0.7284646882294514,7,27.0
3480.0,9,24.0,0.46153846153846156,7.575808015717255,1,8.0,0.6175556166531198,4,37.0,0.3234861888966324,4,3.0,0.4682996973143317,9,48.0
3485.0,3,19.0,0.38,8.513857705966558,2,15.0,0.6506244143506046,1,23.0,0.3718834435328177,0,5.0,0.6357499506196793,3,43.0
3490.0,3,6.0,0.1276595744680851,7.997869656740092,0,5.0,0.6816190459295126,3,25.0,0.3121250415398583,0,2.0,0.6343576135279327,3,32.0
3495.0,12,47.0,0.94,7.45588539355177,2,6.0,0.5167272592613921,9,59.0,0.31461617308862694,1,3.0,0.6085323370017539,12,68.0
3500.0,8,41.0,0.8367346938775511,7.444923121118542,0,5.0,0.5610035131204022,7,78.0,0.29522825661529667,1,8.0,0.5589957407411448,8,91.0
3505.0,5,4.0,0.08,8.472105624754205,1,3.0,0.6858796596245207,3,51.0,0.34372162034019776,1,2.0,0.7306211402948007,5,56.0
3510.0,3,9.0,0.17647058823529413,9.92231641423108,1,8.0,0.747668603971893,1,25.0,0.5169070147406719,1,4.0,0.7296063049713178,3,37.0
3515.0,2,11.0,0.22916666666666666,9.574867855259763,1,13.0,0.7471919868157926,0,6.0,0.6300298409615913,1,6.0,0.5878031857750383,2,25.0
3520.0,5,24.0,0.5217391304347826,9.764045197230887,3,20.0,0.6664658322532918,1,6.0,0.7166707943333471,1,3.0,0.6362682149316969,5,29.0
3525.0,5,39.0,0.7959183673469388,9.995120626134653,2,30.0,0.7108580235507437,1,8.0,0.783143394187563,2,3.0,0.5512791914529687,5,41.0
3530.0,8,30.0,0.5769230769230769,7.895434305059481,0,0.0,0.6454099491408305,1,4.0,0.5863437121696633,7,28.0,0.36504808492278057,8,32.0
3535.0,12,43.0,0.8775510204081632,5.699666993581444,3,12.0,0.4009759742466541,4,18.0,0.09342534251286314,5,45.0,0.32182685540400324,12,75.0
3540.0,6,9.0,0.1956521739130435,4.535801338715151,3,19.0,0.2040795244404337,2,23.0,0.3661913225834115,1,23.0,0.31093254361485706,6,65.0
3545.0,1,0.0,0.0,8.871892253824138,0,8.0,0.44722212573014386,0,10.0,0.7563728259812561,1,5.0,0.5849029334825006,1,23.0
3550.0,3,3.0,0.05660377358490566,10.42237619697849,1,2.0,0.618918132559266,0,2.0,0.88012110347689,2,8.0,0.5690075093530913,3,12.0
3555.0,6,22.0,0.4074074074074074,10.09688393834205,1,2.0,0.7698193996234995,0,2.0,0.8489432007281907,5,27.0,0.39508745381965377,6,31.0
3560.0,8,16.0,0.32,7.7883315261707375,0,0.0,0.9045611839319896,3,6.0,0.4080026010010108,5,35.0,0.1706991896752472,8,41.0
3565.0,5,6.0,0.1276595744680851,7.3296822736817155,1,2.0,0.6841966703295146,2,15.0,0.3889548298320507,2,23.0,0.2765764716202836,5,40.0
3570.0,2,2.0,0.0425531914893617,8.975138855578667,0,2.0,0.7573507542326753,0,4.0,0.5732207481493198,2,21.0,0.4653243317440594,2,27.0
3575.0,8,26.0,0.5306122448979592,7.939016971460782,2,5.0,0.6337138198462842,0,2.0,0.553279758700949,6,42.0,0.39688462881581554,8,49.0
3580.0,5,8.0,0.17391304347826086,8.15443709907978,1,6.0,0.7264270266017273,0,0.0,0.6412848713066309,4,47.0,0.4456241502844362,5,53.0
3585.0,0,0.0,0.0,9.087562162984703,0,0.0,0.6776150886269435,0,4.0,0.8482618815893502,0,21.0,0.49065186534953015,0,25.0
3590.0,1,5.0,0.09803921568627451,10.016514545864055,1,5.0,0.6541697925449607,0,4.0,0.9378157303932017,0,5.0,0.5128601841931666,1,14.0
3595.0,4,14.0,0.25,10.276167909302115,2,10.0,0.5927722391195901,0,4.0,0.8745548592108281,2,4.0,0.6015181344616226,4,18.0
3600.0,4,23.0,0.4339622641509434,9.698314062716104,2,20.0,0.5921280252399044,0,0.0,0.7580157696329697,2,3.0,0.481173384267514,4,23.0
